name,found,image_url,license,author,source,wikidata_qid
Rafael Villagómez,True,https://upload.wikimedia.org/wikipedia/commons/5/5a/Euroformula_Open_2021_Spielberg_Nr._8_Villag%C3%B3mez.jpg,CC BY-SA 4.0,"<a href=""//commons.wikimedia.org/wiki/User:Lukas_Raich"" title=""User:Lukas Raich"">Lukas Raich</a>",wikidata_P18,Q105336890
Josh Mason,True,https://upload.wikimedia.org/wikipedia/commons/f/f6/Euroformula_Open_2021_Spielberg_Nr._21_Mason.jpg,CC BY-SA 4.0,"<a href=""//commons.wikimedia.org/wiki/User:Lukas_Raich"" title=""User:Lukas Raich"">Lukas Raich</a>",wikidata_P18,Q108913723
Kaylen Frederick,True,https://upload.wikimedia.org/wikipedia/commons/5/50/FIA_F3_Austria_2022_Nr._17_Frederick.jpg,CC BY-SA 4.0,"<a href=""//commons.wikimedia.org/wiki/User:Lukas_Raich"" title=""User:Lukas Raich"">Lukas Raich</a>",wikidata_P18,Q106302249
Caio Collet,True,https://upload.wikimedia.org/wikipedia/commons/6/6c/Caio_Collet%2C_interview.jpg,CC BY 3.0,"<a rel=""nofollow"" class=""external text"" href=""https://www.youtube.com/c/LitoCavalcanti/"">Lito Cavalcanti on YouTube</a>",wikidata_P18,Q85844001
Joshua Dufek,True,https://upload.wikimedia.org/wikipedia/commons/e/e7/Youtube_Joshua_Dufek_Mugello_Race_1_Euroformula_Open_2023.jpg,CC BY 3.0,@EuroFormulaOpen via Youtube,wikidata_P18,Q115585044
Luke Browning,True,https://upload.wikimedia.org/wikipedia/commons/f/f0/Luke_Browning.jpg,CC BY-SA 4.0,"<a href=""//commons.wikimedia.org/wiki/User:TeV1767"" title=""User:TeV1767"">Tom Evans Photography </a>",wikidata_P18,Q108545692
Piotr Wiśnicki,True,https://upload.wikimedia.org/wikipedia/commons/d/dc/FREC_2022_Spielberg_Nr._21_%281%29.jpg,CC BY-SA 4.0,"<a href=""//commons.wikimedia.org/wiki/User:Lukas_Raich"" title=""User:Lukas Raich"">Lukas Raich</a>",wikidata_P18,Q114642549
Michael Shin,True,https://upload.wikimedia.org/wikipedia/commons/7/7d/Euroformula_Open_2025_-_Red_Bull_Ring_-_Michael_Shin.jpg,CC BY-SA 4.0,"<a href=""//commons.wikimedia.org/wiki/User:Road_Atlanta_Turn_5"" title=""User:Road Atlanta Turn 5"">Road Atlanta Turn 5</a>",wikidata_P18,Q116301251
Roman Bilinski,True,https://upload.wikimedia.org/wikipedia/commons/2/28/Screenshot_MocMarzen_Roman_Bilinski_video_2025.jpg,CC BY 4.0,@MocMarzen Via Youtube,wikidata_P18,Q108006520
Jehan Daruvala,True,https://upload.wikimedia.org/wikipedia/commons/8/8b/Jehan_Daruvala_Austria_2022.jpg,CC BY-SA 4.0,"<a href=""//commons.wikimedia.org/w/index.php?title=User:KVYTICAL&amp;action=edit&amp;redlink=1"" class=""new"" title=""User:KVYTICAL (page does not exist)"">KVYTICAL</a>",wikidata_P18,Q27899139
Juan Manuel Correa,True,https://upload.wikimedia.org/wikipedia/commons/5/57/Juan_Manuel_Correa_Austria_2022.jpg,CC BY-SA 4.0,"<a href=""//commons.wikimedia.org/w/index.php?title=User:KVYTICAL&amp;action=edit&amp;redlink=1"" class=""new"" title=""User:KVYTICAL (page does not exist)"">KVYTICAL</a>",wikidata_P18,Q27924791
Clément Novalak,True,https://upload.wikimedia.org/wikipedia/commons/f/f4/Cl%C3%A9ment_Novalak_Austria_2022.jpg,CC BY-SA 4.0,"<a href=""//commons.wikimedia.org/w/index.php?title=User:KVYTICAL&amp;action=edit&amp;redlink=1"" class=""new"" title=""User:KVYTICAL (page does not exist)"">KVYTICAL</a>",wikidata_P18,Q86274904
Colton Herta,True,https://upload.wikimedia.org/wikipedia/commons/6/62/Colton_Herta_%282021%29.jpg,CC BY-SA 4.0,"<a href=""//commons.wikimedia.org/w/index.php?title=User:Wolkenjaeger&amp;action=edit&amp;redlink=1"" class=""new"" title=""User:Wolkenjaeger (page does not exist)"">Wolkenjaeger</a>",wikidata_P18,Q21259182
Cian Shields,True,https://upload.wikimedia.org/wikipedia/commons/3/33/Cian_Shields_2023_Race_3_Red_Bull_Ring.jpg,CC BY 3.0,@EuroFormulaOpen via Youtube,wikidata_P18,Q123382916
Kush Maini,True,https://upload.wikimedia.org/wikipedia/commons/9/99/FIA_F3_Austria_2022_Nr._12_Maini.jpg,CC BY-SA 4.0,"<a href=""//commons.wikimedia.org/wiki/User:Lukas_Raich"" title=""User:Lukas Raich"">Lukas Raich</a>",wikidata_P18,Q108757598
Nicola Marinangeli,True,https://upload.wikimedia.org/wikipedia/commons/f/ff/FREC_2022_Spielberg_Nr._24_%281%29.jpg,CC BY-SA 4.0,"<a href=""//commons.wikimedia.org/wiki/User:Lukas_Raich"" title=""User:Lukas Raich"">Lukas Raich</a>",wikidata_P18,Q99237181
Tim Tramnitz,True,https://upload.wikimedia.org/wikipedia/commons/c/c8/FREC_2022_Spielberg_Nr._70_%281%29.jpg,CC BY-SA 4.0,"<a href=""//commons.wikimedia.org/wiki/User:Lukas_Raich"" title=""User:Lukas Raich"">Lukas Raich</a>",wikidata_P18,Q111363917
Fernando Barrichello,True,https://upload.wikimedia.org/wikipedia/commons/6/66/Euroformula_Open_2024_Mogyor%C3%B3d_Podium_Race_1_%283%29_%28Fernando_Barrichello%29.jpg,CC BY-SA 4.0,"<a href=""//commons.wikimedia.org/wiki/User:Lukas_Raich"" title=""User:Lukas Raich"">Lukas Raich</a>",wikidata_P18,Q130309809
Tasanapol Inthraphuvasak,True,https://upload.wikimedia.org/wikipedia/commons/8/81/Tasanapol_Inthraphuvasak_at_the_Melbourne_Walk_during_the_2026_Australian_Grand_Prix_%28028A8336%29.jpg,CC BY-SA 4.0,"<a href=""//commons.wikimedia.org/wiki/User:Pangalau"" title=""User:Pangalau"">Yu Chu Chin</a>",wikidata_P18,Q116203428
Niels Koolen,True,https://upload.wikimedia.org/wikipedia/commons/a/ac/FREC_2023_Spielberg_Nr._68_%282%29_Koolen.jpg,CC BY-SA 4.0,"<a href=""//commons.wikimedia.org/wiki/User:Lukas_Raich"" title=""User:Lukas Raich"">Lukas Raich</a>",wikidata_P18,Q123954006
Javier Sagrera,True,https://upload.wikimedia.org/wikipedia/commons/3/3c/Eurocup-3_2023_Spa_Javier_Sagrera.jpg,CC BY-SA 4.0,"<a href=""//commons.wikimedia.org/wiki/User:Lukas_Raich"" title=""User:Lukas Raich"">Lukas Raich</a>",wikidata_P18,Q108554177
Nico Varrone,True,https://upload.wikimedia.org/wikipedia/commons/5/5a/Nico_Varrone_in_2023.jpg,CC BY-SA 4.0,"<a href=""//commons.wikimedia.org/w/index.php?title=User:KVYTICAL&amp;action=edit&amp;redlink=1"" class=""new"" title=""User:KVYTICAL (page does not exist)"">KVYTICAL</a>",wikidata_P18,Q112947069
Frederik Vesti,True,https://upload.wikimedia.org/wikipedia/commons/1/1e/Frederik_Vesti_Austria_2022.jpg,CC BY-SA 4.0,"<a href=""//commons.wikimedia.org/w/index.php?title=User:KVYTICAL&amp;action=edit&amp;redlink=1"" class=""new"" title=""User:KVYTICAL (page does not exist)"">KVYTICAL</a>",wikidata_P18,Q57315136
Tommy Smith,True,https://upload.wikimedia.org/wikipedia/commons/a/a0/Tommy_Smith_-_It_8.jpg,CC BY 3.0,"<a href=""https://en.wikipedia.org/wiki/User:Just-an-Ipswich-fan"" class=""extiw"" title=""en:User:Just-an-Ipswich-fan"">Just-an-Ipswich-fan</a> (<a href=""https://en.wikipedia.org/wiki/User_talk:Just-an-Ipswich-fan"" class=""extiw"" title=""en:User talk:Just-an-Ipswich-fan"">talk</a>)",wikidata_P18,Q462503
Théo Pourchaire,True,https://upload.wikimedia.org/wikipedia/commons/a/a8/Pourchaire_Podium_Oschersleben_ADAC_F4_2019-2_%28cropped%29.jpg,CC BY-SA 4.0,"<a href=""//commons.wikimedia.org/wiki/User:LoupDragon42"" title=""User:LoupDragon42"">LoupDragon42</a>",wikidata_P18,Q61766530
Dino Beganovic,True,https://upload.wikimedia.org/wikipedia/commons/1/14/FIA_F2_Austria_2025_Nr._8_Beganovic.jpg,CC BY-SA 4.0,"<a href=""//commons.wikimedia.org/wiki/User:Lukas_Raich"" title=""User:Lukas Raich"">Lukas Raich</a>",wikidata_P18,Q88223519
Leonardo Fornaroli,True,https://upload.wikimedia.org/wikipedia/commons/a/a6/FREC_2022_Spielberg_Nr._72_%281%29.jpg,CC BY-SA 4.0,"<a href=""//commons.wikimedia.org/wiki/User:Lukas_Raich"" title=""User:Lukas Raich"">Lukas Raich</a>",wikidata_P18,Q112943678
Oliver Goethe,True,https://upload.wikimedia.org/wikipedia/commons/7/77/FREC_2021_Spielberg_Nr._96_Goethe.jpg,CC BY-SA 4.0,"<a href=""//commons.wikimedia.org/wiki/User:Lukas_Raich"" title=""User:Lukas Raich"">Lukas Raich</a>",wikidata_P18,Q106637627
Ayumu Iwasa,True,https://upload.wikimedia.org/wikipedia/commons/2/20/Ayumu_Iwasa_Austria_2022.jpg,CC BY-SA 4.0,"<a href=""//commons.wikimedia.org/w/index.php?title=User:KVYTICAL&amp;action=edit&amp;redlink=1"" class=""new"" title=""User:KVYTICAL (page does not exist)"">KVYTICAL</a>",wikidata_P18,Q104848832
Brad Benavides,True,https://upload.wikimedia.org/wikipedia/commons/9/91/FIA_F3_Austria_2022_Nr._27_Benavides.jpg,CC BY-SA 4.0,"<a href=""//commons.wikimedia.org/wiki/User:Lukas_Raich"" title=""User:Lukas Raich"">Lukas Raich</a>",wikidata_P18,Q106635797
Dennis Hauger,True,https://upload.wikimedia.org/wikipedia/commons/6/6b/Dennis_Hauger_Austria_2022.jpg,CC BY-SA 4.0,"<a href=""//commons.wikimedia.org/w/index.php?title=User:KVYTICAL&amp;action=edit&amp;redlink=1"" class=""new"" title=""User:KVYTICAL (page does not exist)"">KVYTICAL</a>",wikidata_P18,Q72714072
José Garfias,True,https://upload.wikimedia.org/wikipedia/commons/8/8d/FREC_2021_Spielberg_Nr._99_Garfias.jpg,CC BY-SA 4.0,"<a href=""//commons.wikimedia.org/wiki/User:Lukas_Raich"" title=""User:Lukas Raich"">Lukas Raich</a>",wikidata_P18,Q108602403
Amaury Cordeel,True,https://upload.wikimedia.org/wikipedia/commons/8/80/FIA_F3_Austria_2021_Nr._22_Cordeel.jpg,CC BY-SA 4.0,"<a href=""//commons.wikimedia.org/wiki/User:Lukas_Raich"" title=""User:Lukas Raich"">Lukas Raich</a>",wikidata_P18,Q105311478
Paul Aron,True,https://upload.wikimedia.org/wikipedia/commons/0/0b/Paul-Aron-F2-2024.jpg,CC BY 4.0,"<a href=""//commons.wikimedia.org/w/index.php?title=User:F1xesc&amp;action=edit&amp;redlink=1"" class=""new"" title=""User:F1xesc (page does not exist)"">F1xesc</a>",wikidata_P18,Q93973312
Hugh Barter,True,https://upload.wikimedia.org/wikipedia/commons/9/93/HughBarterpreseasonupdatesvideoyoutube2021.jpg,CC BY 3.0,Hugh Barter Racing,wikidata_P18,Q116266949
Jonny Edgar,True,https://upload.wikimedia.org/wikipedia/commons/a/a5/Jonny_Edgar%2C_F4%2C_N%C3%BCrburgring_2020.jpg,CC BY-SA 4.0,"<a href=""//commons.wikimedia.org/w/index.php?title=User:F1Marv&amp;action=edit&amp;redlink=1"" class=""new"" title=""User:F1Marv (page does not exist)"">F1Marv</a>",wikidata_P18,Q104554111
Ricardo Escotto,True,https://commons.wikimedia.org/wiki/File%3A2024%20Hy-Vee%20Milwaukee%20Mile%20250s%20088%20%28Indy%20NXT%20qualifying--Ricardo%20Escotto%29.jpg,,,commons_category_search,Q121815019
Charlie Wurz,True,https://upload.wikimedia.org/wikipedia/commons/a/aa/Charlie_Wurz_2022.JPG,CC BY-SA 4.0,"<a href=""//commons.wikimedia.org/wiki/User:Lukas_Raich"" title=""User:Lukas Raich"">Lukas Raich</a>",wikidata_P18,Q111967085
Hunter Yeany,True,https://upload.wikimedia.org/wikipedia/commons/c/c5/Hunter_Yeany_Austria_2022.jpg,CC BY-SA 4.0,"<a href=""//commons.wikimedia.org/w/index.php?title=User:KVYTICAL&amp;action=edit&amp;redlink=1"" class=""new"" title=""User:KVYTICAL (page does not exist)"">KVYTICAL</a>",wikidata_P18,Q105755872
Rafael Câmara,True,https://upload.wikimedia.org/wikipedia/commons/3/38/Rafael_C%C3%A2mara_in_2022.jpg,CC BY-SA 4.0,"<a href=""//commons.wikimedia.org/w/index.php?title=User:KVYTICAL&amp;action=edit&amp;redlink=1"" class=""new"" title=""User:KVYTICAL (page does not exist)"">KVYTICAL</a>",wikidata_P18,Q114284706
Sebastián Montoya,True,https://upload.wikimedia.org/wikipedia/commons/f/f9/Sebasti%C3%A1n_Montoya_at_the_Melbourne_Walk_during_the_2026_Australian_Grand_Prix_%28028A8351%29_cropped.jpg,CC BY-SA 4.0,"<a href=""//commons.wikimedia.org/wiki/User:Pangalau"" title=""User:Pangalau"">Yu Chu Chin</a>",wikidata_P18,Q107203669
Arthur Leclerc,True,https://upload.wikimedia.org/wikipedia/commons/thumb/e/e8/Arthur_Leclerc_Austria_2022.jpg/330px-Arthur_Leclerc_Austria_2022.jpg,,,wikipedia_thumbnail,Q116953135
Victor Martins,True,https://upload.wikimedia.org/wikipedia/commons/a/ab/Victor_Martins_Austria_2022.jpg,CC BY-SA 4.0,"<a href=""//commons.wikimedia.org/w/index.php?title=User:KVYTICAL&amp;action=edit&amp;redlink=1"" class=""new"" title=""User:KVYTICAL (page does not exist)"">KVYTICAL</a>",wikidata_P18,Q28043364
John Bennett,True,https://commons.wikimedia.org/wiki/File%3AVase%20MET%20ADA5573.jpg,,,commons_category_search,Q6221558
Christian Mansell,True,https://upload.wikimedia.org/wikipedia/commons/1/1d/Christian_Mansell_2022.jpg,CC BY-SA 4.0,"<a href=""//commons.wikimedia.org/w/index.php?title=User:KVYTICAL&amp;action=edit&amp;redlink=1"" class=""new"" title=""User:KVYTICAL (page does not exist)"">KVYTICAL</a>",wikidata_P18,Q107309880
Zak O'Sullivan,True,https://upload.wikimedia.org/wikipedia/commons/7/7e/FIA_F3_Austria_2022_Nr._26_O%27Sullivan.jpg,CC BY-SA 4.0,"<a href=""//commons.wikimedia.org/wiki/User:Lukas_Raich"" title=""User:Lukas Raich"">Lukas Raich</a>",wikidata_P18,Q107021746
Grégoire Saucy,True,https://upload.wikimedia.org/wikipedia/commons/e/eb/Gr%C3%A9goire_Saucy_Austria_2022.jpg,CC BY-SA 4.0,"<a href=""//commons.wikimedia.org/w/index.php?title=User:KVYTICAL&amp;action=edit&amp;redlink=1"" class=""new"" title=""User:KVYTICAL (page does not exist)"">KVYTICAL</a>",wikidata_P18,Q94019463
Sophia Flörsch,True,https://upload.wikimedia.org/wikipedia/commons/9/99/My_TOP_5_FAVORITE_TROPHIES_%28Floersch_on_YouTube%29_04_%28cropped%29.jpg,CC BY 3.0,"<a rel=""nofollow"" class=""external text"" href=""https://www.youtube.com/c/SophiaFloerschOfficial/"">Sophia Floersch on YouTube</a>",wikidata_P18,Q20973715
Alex Dunne,True,https://upload.wikimedia.org/wikipedia/commons/0/02/Alex_dunne_zandvoort_2025_%28cropped2%29.jpg,CC BY-SA 4.0,Madball12345,wikidata_P18,Q113227141
Ido Cohen,True,https://upload.wikimedia.org/wikipedia/commons/7/79/Cohen_Spielberg_2021.jpg,CC BY-SA 4.0,"<a href=""//commons.wikimedia.org/w/index.php?title=User:AS19Portsmouth&amp;action=edit&amp;redlink=1"" class=""new"" title=""User:AS19Portsmouth (page does not exist)"">AS19Portsmouth</a>",wikidata_P18,Q105531578
Francesco Simonazzi,True,https://upload.wikimedia.org/wikipedia/commons/e/e0/Francesco_Simonazzi_Euroformula_Race_2_Red_Bull_Ring_2023.jpg,CC BY 3.0,@EuroFormulaOpen via Youtube,wikidata_P18,Q108774013
Joshua Dürksen,True,https://upload.wikimedia.org/wikipedia/commons/7/7a/Joshua_D%C3%BCrksen%2C_ADAC_Berlin-Brandenburg%2C_F4%2C_N%C3%BCrburgring_2020.jpg,CC BY-SA 4.0,"<a href=""//commons.wikimedia.org/w/index.php?title=User:F1Marv&amp;action=edit&amp;redlink=1"" class=""new"" title=""User:F1Marv (page does not exist)"">F1Marv</a>",wikidata_P18,Q99693702
Mari Boya,True,https://upload.wikimedia.org/wikipedia/commons/0/07/FREC_2021_Spielberg_Nr._64_Boya.jpg,CC BY-SA 4.0,"<a href=""//commons.wikimedia.org/wiki/User:Lukas_Raich"" title=""User:Lukas Raich"">Lukas Raich</a>",wikidata_P18,Q106606528
Taylor Barnard,True,https://upload.wikimedia.org/wikipedia/commons/8/83/2024-05-12_Motorsport%2C_ABB_FIA_Formula_E_World_Championship%2C_Berlin_E-Prix_2024_STP_3190_by_Stepro.jpg,CC BY-SA 4.0,"<a href=""//commons.wikimedia.org/wiki/User:Stepro"" title=""User:Stepro"">Steffen Prößdorf</a>",wikidata_P18,Q114413758
Laurens van Hoepen,True,https://upload.wikimedia.org/wikipedia/commons/a/a5/Laurens_van_Hoepen_at_the_Melbourne_Walk_during_the_2026_Australian_Grand_Prix_%28028A8345%29_cropped.jpg,CC BY-SA 4.0,"<a href=""//commons.wikimedia.org/wiki/User:Pangalau"" title=""User:Pangalau"">Yu Chu Chin</a>",wikidata_P18,Q111418072
Pepe Martí,True,https://upload.wikimedia.org/wikipedia/commons/8/80/FIA_F2_Austria_2025_Nr._3_Mart%C3%AD.jpg,CC BY-SA 4.0,"<a href=""//commons.wikimedia.org/wiki/User:Lukas_Raich"" title=""User:Lukas Raich"">Lukas Raich</a>",wikidata_P18,Q110698592
Enzo Fittipaldi,True,https://upload.wikimedia.org/wikipedia/commons/3/38/Enzo_Fittipaldi_%28cropped%29.jpg,CC BY-SA 2.0,"<a rel=""nofollow"" class=""external text"" href=""https://www.flickr.com/photos/58980992@N03/"">Zach Catanzareti Photo</a>",wikidata_P18,Q28054103
Sami Meguetounif,True,https://upload.wikimedia.org/wikipedia/commons/b/b4/Sami_Meguetounif_ADAC_F4_Hockenheim.jpg,CC BY-SA 4.0,"<a href=""//commons.wikimedia.org/w/index.php?title=User:AS19Portsmouth&amp;action=edit&amp;redlink=1"" class=""new"" title=""User:AS19Portsmouth (page does not exist)"">AS19Portsmouth</a>",wikidata_P18,Q108799958
Jin Nakamura,True,https://upload.wikimedia.org/wikipedia/commons/0/07/Jin_Nakamura_Spa_2025.png,CC BY-SA 4.0,"<a href=""//commons.wikimedia.org/w/index.php?title=User:Maceekim&amp;action=edit&amp;redlink=1"" class=""new"" title=""User:Maceekim (page does not exist)"">Maceekim</a>",wikidata_P18,Q123757976
Joseph Loake,True,https://upload.wikimedia.org/wikipedia/commons/thumb/3/3b/FIA_F3_Austria_2024_Nr._31_Loake.jpg/330px-FIA_F3_Austria_2024_Nr._31_Loake.jpg,,,wikipedia_thumbnail,Q124260527
Ritomo Miyata,True,https://upload.wikimedia.org/wikipedia/commons/e/e2/Ritomo_Miyata_6_Hours_of_Monza_2023.jpg,CC BY-SA 4.0,"<a href=""//commons.wikimedia.org/w/index.php?title=User:BanHada2434&amp;action=edit&amp;redlink=1"" class=""new"" title=""User:BanHada2434 (page does not exist)"">BanHada2434</a>",wikidata_P18,Q17221261
Alex García,True,https://commons.wikimedia.org/wiki/File%3AAlex%20Garcia%20Headshot.JPG,,,commons_category_search,Q4717031
Noel León,True,https://upload.wikimedia.org/wikipedia/commons/9/95/Noel_Le%C3%B3n_Race_3_Paul_Ricard_EuroFormula_Open.jpg,CC BY 3.0,@EuroFormulaOpen via Youtube,wikidata_P18,Q110572952
Roman Staněk,True,https://upload.wikimedia.org/wikipedia/commons/9/98/R.Stan%C4%9Bk_%28cropped%29.jpg,CC BY-SA 4.0,"<a href=""//commons.wikimedia.org/w/index.php?title=User:P.paroubkova&amp;action=edit&amp;redlink=1"" class=""new"" title=""User:P.paroubkova (page does not exist)"">P.paroubkova</a>",wikidata_P18,Q96776893
Santiago Ramos,True,https://upload.wikimedia.org/wikipedia/commons/5/53/Santiago_Ramos_-_Seminci_2011.jpg,CC BY-SA 3.0,"<b><a href=""//commons.wikimedia.org/wiki/User:Rastrojo"" title=""User:Rastrojo"">Rastrojo</a></b> <sub>(<a href=""//commons.wikimedia.org/wiki/User_talk:Rastrojo"" title=""User talk:Rastrojo"">D</a>•<a href=""https://en.wikipedia.org/wiki/es:User:Rastrojo"" class=""extiw"" title=""w:es:User:Rastrojo"">ES</a>)</sub>",wikidata_P18,Q9074279
Richard Verschoor,True,https://upload.wikimedia.org/wikipedia/commons/c/cb/Richard_Verschoor_Austria_2022.jpg,CC BY-SA 4.0,"<a href=""//commons.wikimedia.org/w/index.php?title=User:KVYTICAL&amp;action=edit&amp;redlink=1"" class=""new"" title=""User:KVYTICAL (page does not exist)"">KVYTICAL</a>",wikidata_P18,Q24717015
Zane Maloney,True,https://upload.wikimedia.org/wikipedia/commons/9/92/Zane_Maloney_Austria_2022.jpg,CC BY-SA 4.0,"<a href=""//commons.wikimedia.org/w/index.php?title=User:KVYTICAL&amp;action=edit&amp;redlink=1"" class=""new"" title=""User:KVYTICAL (page does not exist)"">KVYTICAL</a>",wikidata_P18,Q86923950
Oliver Gray,True,https://upload.wikimedia.org/wikipedia/commons/d/d2/FIA_F3_Austria_2023_Nr._20_Gray_%281%29.jpg,CC BY-SA 4.0,"<a href=""//commons.wikimedia.org/wiki/User:Lukas_Raich"" title=""User:Lukas Raich"">Lukas Raich</a>",wikidata_P18,Q116233920
Patrick Heuzenroeder,True,https://upload.wikimedia.org/wikipedia/commons/5/56/GB3_2025_Mogyor%C3%B3d_Nr._5_Heuzenroeder.jpg,CC BY-SA 4.0,"<a href=""//commons.wikimedia.org/wiki/User:Lukas_Raich"" title=""User:Lukas Raich"">Lukas Raich</a>",wikidata_P18,Q131471395
Max Esterson,True,https://upload.wikimedia.org/wikipedia/commons/4/44/70th_MACAU_GRAND_PRIX_%28180%29.jpg,CC BY-SA 4.0,Dinkun Chen,wikidata_P18,Q120375899
James Hedley,True,https://upload.wikimedia.org/wikipedia/commons/9/92/GB3_2024_Mogyor%C3%B3d_Nr._2_Hedley.jpg,CC BY-SA 4.0,"<a href=""//commons.wikimedia.org/wiki/User:Lukas_Raich"" title=""User:Lukas Raich"">Lukas Raich</a>",wikidata_P18,Q126179749
Matías Zagazeta,True,https://upload.wikimedia.org/wikipedia/commons/8/83/FREC_2023_Spielberg_Nr._88_%282%29_Zagazeta.jpg,CC BY-SA 4.0,"<a href=""//commons.wikimedia.org/wiki/User:Lukas_Raich"" title=""User:Lukas Raich"">Lukas Raich</a>",wikidata_P18,Q111418084
Roberto Faria,True,https://upload.wikimedia.org/wikipedia/commons/1/17/Robertofarias_tvbrasil.jpg,CC BY 3.0 br,"Mídia promocional do programa Revista do Cinema Brasileiro (TV Brasil), remix de Praxides",wikidata_P18,Q2110848
Gabriele Minì,True,https://upload.wikimedia.org/wikipedia/commons/e/e1/FIA_F3_Austria_2023_Nr._15_Min%C3%AC_%281%29.jpg,CC BY-SA 4.0,"<a href=""//commons.wikimedia.org/wiki/User:Lukas_Raich"" title=""User:Lukas Raich"">Lukas Raich</a>",wikidata_P18,Q104591525
Jak Crawford,True,https://upload.wikimedia.org/wikipedia/commons/9/9a/Jak_Crawford_2026.png,CC0,"<a href=""//commons.wikimedia.org/w/index.php?title=User:Parkasity&amp;action=edit&amp;redlink=1"" class=""new"" title=""User:Parkasity (page does not exist)"">Parkasity</a>",wikidata_P18,Q104558496
Nikola Tsolov,True,https://upload.wikimedia.org/wikipedia/commons/2/25/%D0%9D%D0%B8%D0%BA%D0%BE%D0%BB%D0%B0_%D0%A6%D0%BE%D0%BB%D0%BE%D0%B2_-_%D0%B1%D1%8A%D0%BB%D0%B3%D0%B0%D1%80%D1%81%D0%BA%D0%B0%D1%82%D0%B0_%D0%BD%D0%B0%D0%B4%D0%B5%D0%B6%D0%B4%D0%B0_%28Nikola_Tsolov%29_%28cropped%29_%28cropped%29.jpg,CC BY 3.0,"<a rel=""nofollow"" class=""external text"" href=""https://www.youtube.com/@ClubS1video"">ClubS1Video</a>",wikidata_P18,Q111797244
Martinius Stenshorne,True,https://upload.wikimedia.org/wikipedia/commons/f/f4/F4_Italy_2022_Nr._34_%2800%29.jpg,CC BY-SA 4.0,Lukas Raich,wikidata_P18,Q115515317
Arvid Lindblad,True,https://upload.wikimedia.org/wikipedia/commons/4/4b/Arvid_Lindblad_at_the_Red_Bull_Fan_Zone_%E2%80%93_Crown_Riverwalk%2C_Melbourne_%28028A7869%29.jpg,CC BY-SA 4.0,"<a href=""//commons.wikimedia.org/wiki/User:Pangalau"" title=""User:Pangalau"">Yu Chu Chin</a>",wikidata_P18,Q117035650
James Wharton,True,https://upload.wikimedia.org/wikipedia/commons/3/3a/F4_Italy_2022_Nr._13_%281%29.jpg,CC BY-SA 4.0,"<a href=""//commons.wikimedia.org/wiki/User:Lukas_Raich"" title=""User:Lukas Raich"">Lukas Raich</a>",wikidata_P18,Q114285074
Théophile Naël,True,https://upload.wikimedia.org/wikipedia/commons/6/6d/FREC_2024_Spielberg_Nr._44_Na%C3%ABl.jpg,CC BY-SA 4.0,"<a href=""//commons.wikimedia.org/wiki/User:Lukas_Raich"" title=""User:Lukas Raich"">Lukas Raich</a>",wikidata_P18,Q123404906
Ugo Ugochukwu,True,https://upload.wikimedia.org/wikipedia/commons/3/35/Ugochukwu2021.jpg,CC BY 3.0,PlusTV Africa Via Youtube,wikidata_P18,Q114067774
Noah Strømsted,True,https://upload.wikimedia.org/wikipedia/commons/5/50/F4_Spain_2023_Spa_Noah_Str%C3%B8msted.jpg,CC BY-SA 4.0,"<a href=""//commons.wikimedia.org/wiki/User:Lukas_Raich"" title=""User:Lukas Raich"">Lukas Raich</a>",wikidata_P18,Q123932896
Freddie Slater,True,https://upload.wikimedia.org/wikipedia/commons/6/65/Freddie_Slater_Macau_2025_%28cropped%29.jpg,CC BY-SA 4.0,"<a href=""https://en.wikipedia.org/wiki/User:Mitchea99"" class=""extiw"" title=""w:User:Mitchea99"">Mitchea99</a>",wikidata_P18,Q122641927
Matteo De Palo,True,https://upload.wikimedia.org/wikipedia/commons/7/70/Matteo_De_Palo_Macau_2025.jpg,CC BY-SA 4.0,"<a href=""https://en.wikipedia.org/wiki/User:Mitchea99"" class=""extiw"" title=""w:User:Mitchea99"">Mitchea99</a>",wikidata_P18,Q123908790
Mattia Colnaghi,True,https://upload.wikimedia.org/wikipedia/commons/b/b1/Eurocup-3_2025_Spielberg_Nr._71_Colnaghi.jpg,CC BY-SA 4.0,"<a href=""//commons.wikimedia.org/wiki/User:Lukas_Raich"" title=""User:Lukas Raich"">Lukas Raich</a>",wikidata_P18,Q131145288
Tuukka Taponen,True,https://upload.wikimedia.org/wikipedia/commons/2/25/FREC_2024_Mugello_Tuukka_Taponen.jpg,CC BY-SA 4.0,"<a href=""//commons.wikimedia.org/wiki/User:Lukas_Raich"" title=""User:Lukas Raich"">Lukas Raich</a>",wikidata_P18,Q110322464
Alessandro Giusti,True,https://upload.wikimedia.org/wikipedia/commons/e/e1/FREC_2023_Spielberg_Nr._3_%282%29_Giusti.jpg,CC BY-SA 4.0,"<a href=""//commons.wikimedia.org/wiki/User:Lukas_Raich"" title=""User:Lukas Raich"">Lukas Raich</a>",wikidata_P18,Q114708426
Taito Kato,True,https://upload.wikimedia.org/wikipedia/commons/c/c8/FRECA_2025_Mogyor%C3%B3d_Kato.jpg,CC BY-SA 4.0,"<a href=""//commons.wikimedia.org/wiki/User:Lukas_Raich"" title=""User:Lukas Raich"">Lukas Raich</a>",wikidata_P18,Q131426164
Maciej Gładysz,True,https://upload.wikimedia.org/wikipedia/commons/f/ff/MaciejGladysz.jpg,CC0,"<a href=""//commons.wikimedia.org/w/index.php?title=User:Media4Racing&amp;action=edit&amp;redlink=1"" class=""new"" title=""User:Media4Racing (page does not exist)"">Media4Racing</a>",wikidata_P18,Q122216907
Kanato Le,True,https://upload.wikimedia.org/wikipedia/commons/4/40/FRECA_2025_-_Misano_-_Kanato_Le_%283%29.jpg,CC BY-SA 4.0,"<a href=""//commons.wikimedia.org/wiki/User:Road_Atlanta_Turn_5"" title=""User:Road Atlanta Turn 5"">Road Atlanta Turn 5</a>",wikidata_P18,Q125730967
Hiyu Yamakoshi,True,https://upload.wikimedia.org/wikipedia/commons/e/e9/Euro_4_2024_-_Monza_-_Hiyu_Yamakoshi.jpg,CC0,"<a href=""//commons.wikimedia.org/wiki/User:Road_Atlanta_Turn_5"" title=""User:Road Atlanta Turn 5"">Road Atlanta Turn 5</a>",wikidata_P18,Q131178901
Enzo Deligny,True,https://upload.wikimedia.org/wikipedia/commons/c/c1/Enzo_Deligny_Monza_%28cropped%29.jpg,CC BY 4.0,fotocar13,wikidata_P18,Q115521233
Bruno del Pino,True,https://upload.wikimedia.org/wikipedia/commons/c/c3/Eurocup-3_2024_Spielberg_Nr._6_del_Pino.jpg,CC BY 4.0,"<a href=""//commons.wikimedia.org/wiki/User:Lukas_Raich"" title=""User:Lukas Raich"">Lukas Raich</a>",wikidata_P18,Q131145273
Pedro Clerot,True,https://upload.wikimedia.org/wikipedia/commons/0/01/F4_Spain_2023_Spa_Pedro_Clerot.jpg,CC BY-SA 4.0,"<a href=""//commons.wikimedia.org/wiki/User:Lukas_Raich"" title=""User:Lukas Raich"">Lukas Raich</a>",wikidata_P18,Q115271350
Brando Badoer,True,https://upload.wikimedia.org/wikipedia/commons/e/e8/FREC_2024_Mogyor%C3%B3d_Podium_Race_1_%282%29_%28cropped%29_%28Brando_Badoer%29.jpg,CC BY-SA 4.0,"<a href=""//commons.wikimedia.org/wiki/User:Lukas_Raich"" title=""User:Lukas Raich"">Lukas Raich</a>",wikidata_P18,Q125716910
Christian Ho,True,https://upload.wikimedia.org/wikipedia/commons/9/93/F4_Spain_2023_Spa_Christian_Ho.jpg,CC BY-SA 4.0,"<a href=""//commons.wikimedia.org/wiki/User:Lukas_Raich"" title=""User:Lukas Raich"">Lukas Raich</a>",wikidata_P18,Q113861496
Louis Sharp,True,https://upload.wikimedia.org/wikipedia/commons/3/31/Louis_Sharp_Oulton_Park_2022.jpg,CC BY-SA 4.0,"<a href=""//commons.wikimedia.org/w/index.php?title=User:AmazingLemur41&amp;action=edit&amp;redlink=1"" class=""new"" title=""User:AmazingLemur41 (page does not exist)"">AmazingLemur41</a>",wikidata_P18,Q112262887
Fionn McLaughlin,False,,,,,Q126616418
Yevan David,True,https://upload.wikimedia.org/wikipedia/commons/f/fc/Yevan_David_2023.png,CC BY 3.0,"<a rel=""nofollow"" class=""external text"" href=""https://www.youtube.com/@AdaDeranaEnglish"">Ada Derana English</a>",wikidata_P18,Q135527676
Nicola Lacorte,True,https://upload.wikimedia.org/wikipedia/commons/1/14/FREC_2024_Mogyor%C3%B3d_Nicola_Lacorte.jpg,CC BY-SA 4.0,"<a href=""//commons.wikimedia.org/wiki/User:Lukas_Raich"" title=""User:Lukas Raich"">Lukas Raich</a>",wikidata_P18,Q124040318
Nandhavud Bhirombhakdi,True,https://upload.wikimedia.org/wikipedia/commons/3/31/FRECA_2025_Mogyor%C3%B3d_Bhirombhakdi.jpg,CC BY-SA 4.0,"<a href=""//commons.wikimedia.org/wiki/User:Lukas_Raich"" title=""User:Lukas Raich"">Lukas Raich</a>",wikidata_P18,Q131528247
Gerrard Xie,True,https://upload.wikimedia.org/wikipedia/commons/f/fb/GB3_2024_Mogyor%C3%B3d_Nr._23_Xie.jpg,CC BY-SA 4.0,"<a href=""//commons.wikimedia.org/wiki/User:Lukas_Raich"" title=""User:Lukas Raich"">Lukas Raich</a>",wikidata_P18,Q118314123
Marcus Armstrong,True,https://upload.wikimedia.org/wikipedia/commons/b/b3/Marcus_Armstrong_Austria_2022.jpg,CC BY-SA 4.0,"<a href=""//commons.wikimedia.org/w/index.php?title=User:KVYTICAL&amp;action=edit&amp;redlink=1"" class=""new"" title=""User:KVYTICAL (page does not exist)"">KVYTICAL</a>",wikidata_P18,Q27889082
Jüri Vips,True,https://upload.wikimedia.org/wikipedia/commons/c/cc/Juri_Vips_Austria_2022.jpg,CC BY-SA 4.0,"<a href=""//commons.wikimedia.org/w/index.php?title=User:KVYTICAL&amp;action=edit&amp;redlink=1"" class=""new"" title=""User:KVYTICAL (page does not exist)"">KVYTICAL</a>",wikidata_P18,Q27924792
Olli Caldwell,True,https://upload.wikimedia.org/wikipedia/commons/c/c5/Olli_Caldwell_in_2023.jpg,CC BY-SA 4.0,"<a href=""//commons.wikimedia.org/w/index.php?title=User:KVYTICAL&amp;action=edit&amp;redlink=1"" class=""new"" title=""User:KVYTICAL (page does not exist)"">KVYTICAL</a>",wikidata_P18,Q85314596
Jake Hughes,True,https://upload.wikimedia.org/wikipedia/commons/8/86/Jake_Hughes_Austria_2022.jpg,CC BY-SA 4.0,"<a href=""//commons.wikimedia.org/w/index.php?title=User:KVYTICAL&amp;action=edit&amp;redlink=1"" class=""new"" title=""User:KVYTICAL (page does not exist)"">KVYTICAL</a>",wikidata_P18,Q17541830
Callum Voisin,True,https://upload.wikimedia.org/wikipedia/commons/7/7a/Callum_Voisin_GB3.jpg,CC BY-SA 4.0,"<a href=""//commons.wikimedia.org/w/index.php?title=User:44Formula1&amp;action=edit&amp;redlink=1"" class=""new"" title=""User:44Formula1 (page does not exist)"">Josh Robinson</a>",wikidata_P18,Q115707246
Ivan Domingues,True,https://upload.wikimedia.org/wikipedia/commons/8/88/Domingues_Ivan_2022.jpg,CC BY-SA 4.0,"<a href=""//commons.wikimedia.org/w/index.php?title=User:KVYTICAL&amp;action=edit&amp;redlink=1"" class=""new"" title=""User:KVYTICAL (page does not exist)"">KVYTICAL</a>",wikidata_P18,Q113141083
Marino Sato,True,https://upload.wikimedia.org/wikipedia/commons/f/f6/Marino_Sato_Austria_2022.jpg,CC BY-SA 4.0,"<a href=""//commons.wikimedia.org/w/index.php?title=User:KVYTICAL&amp;action=edit&amp;redlink=1"" class=""new"" title=""User:KVYTICAL (page does not exist)"">KVYTICAL</a>",wikidata_P18,Q28777402
Cem Bölükbaşı,True,https://upload.wikimedia.org/wikipedia/commons/8/8b/Cem_Bolukbasi_Austria_2022.jpg,CC BY-SA 4.0,"<a href=""//commons.wikimedia.org/w/index.php?title=User:KVYTICAL&amp;action=edit&amp;redlink=1"" class=""new"" title=""User:KVYTICAL (page does not exist)"">KVYTICAL</a>",wikidata_P18,Q97230435
Roy Nissany,True,https://upload.wikimedia.org/wikipedia/commons/1/16/Roy-Nissany-Oschersleben-2011.jpg,CC BY-SA 3.0,"<a href=""//commons.wikimedia.org/w/index.php?title=User:B%C3%A1lint_F_Gyula&amp;action=edit&amp;redlink=1"" class=""new"" title=""User:Bálint F Gyula (page does not exist)"">Bálint F Gyula</a>",wikidata_P18,Q7373213
David Beckmann,True,https://upload.wikimedia.org/wikipedia/commons/4/41/2023-04-22_Motorsport%2C_ABB_FIA_Formula_E_World_Championship%2C_Berlin_E-Prix_2023_1DX_1009_by_Stepro.jpg,CC BY-SA 4.0,"<a href=""//commons.wikimedia.org/wiki/User:Stepro"" title=""User:Stepro"">Steffen Prößdorf</a>",wikidata_P18,Q20752093
Tatiana Calderón,True,https://upload.wikimedia.org/wikipedia/commons/6/61/Tatiana_Calder%C3%B3n_primera_latina_en_pilotear_un_F%C3%B3rmula_Uno_01_%28cropped-1%29.jpg,CC BY 3.0,"<a rel=""nofollow"" class=""external text"" href=""https://www.youtube.com/c/NotimexTV/"">NotimexTV on YouTube</a>",wikidata_P18,Q6454881
Nazim Azman,True,https://upload.wikimedia.org/wikipedia/commons/1/1f/Euroformula_Open_2021_Spielberg_Nr._18_Azman.jpg,CC BY-SA 4.0,"<a href=""//commons.wikimedia.org/wiki/User:Lukas_Raich"" title=""User:Lukas Raich"">Lukas Raich</a>",wikidata_P18,Q108744789
David Vidales,True,https://upload.wikimedia.org/wikipedia/commons/b/be/FIA_F3_Austria_2022_Nr._20_Vidales_%28side%29.jpg,CC BY-SA 4.0,"<a href=""//commons.wikimedia.org/wiki/User:Lukas_Raich"" title=""User:Lukas Raich"">Lukas Raich</a>",wikidata_P18,Q27957206
William Alatalo,True,https://upload.wikimedia.org/wikipedia/commons/3/3b/William_Alatalo_Austria_2022.jpg,CC BY-SA 4.0,"<a href=""//commons.wikimedia.org/w/index.php?title=User:KVYTICAL&amp;action=edit&amp;redlink=1"" class=""new"" title=""User:KVYTICAL (page does not exist)"">KVYTICAL</a>",wikidata_P18,Q97100950
Enzo Trulli,True,https://upload.wikimedia.org/wikipedia/commons/5/56/Euroformula_Open_2021_Spielberg_Nr._15_Trulli.jpg,CC BY-SA 4.0,"<a href=""//commons.wikimedia.org/wiki/User:Lukas_Raich"" title=""User:Lukas Raich"">Lukas Raich</a>",wikidata_P18,Q108837796
Reece Ushijima,True,https://upload.wikimedia.org/wikipedia/commons/b/b5/ReeceUshijimaF3.png,CC BY-SA 4.0,"<a href=""//commons.wikimedia.org/wiki/User:BrokenGearbox"" title=""User:BrokenGearbox"">BrokenGearbox</a>",wikidata_P18,Q107029893
Federico Malvestiti,True,https://upload.wikimedia.org/wikipedia/commons/d/d0/Federico_Malvestiti_Austria_2022.jpg,CC BY-SA 4.0,"<a href=""//commons.wikimedia.org/w/index.php?title=User:KVYTICAL&amp;action=edit&amp;redlink=1"" class=""new"" title=""User:KVYTICAL (page does not exist)"">KVYTICAL</a>",wikidata_P18,Q65556575
Ralph Boschung,True,https://upload.wikimedia.org/wikipedia/commons/c/ce/Ralph_Boschung_Monza_F2_2017.jpg,CC BY-SA 4.0,"<a href=""//commons.wikimedia.org/wiki/User:Liondartois"" title=""User:Liondartois"">Liondartois</a>",wikidata_P18,Q19477224
Nikita Bedrin,True,https://upload.wikimedia.org/wikipedia/commons/a/a5/Nikita_Bedrin_Spa_2025.png,CC BY-SA 4.0,"<a href=""//commons.wikimedia.org/w/index.php?title=User:Maceekim&amp;action=edit&amp;redlink=1"" class=""new"" title=""User:Maceekim (page does not exist)"">Maceekim</a>",wikidata_P18,Q114287639
Kacper Sztuka,True,https://upload.wikimedia.org/wikipedia/commons/9/93/Kacper_Sztuka.jpg,CC BY-SA 4.0,"<a href=""//commons.wikimedia.org/w/index.php?title=User:Kkossek&amp;action=edit&amp;redlink=1"" class=""new"" title=""User:Kkossek (page does not exist)"">Kkossek</a>",wikidata_P18,Q112119269
Carl Bennett,True,https://upload.wikimedia.org/wikipedia/commons/5/55/F4_Spain_2023_Spa_Carl_Bennett.jpg,CC BY-SA 4.0,"<a href=""//commons.wikimedia.org/wiki/User:Lukas_Raich"" title=""User:Lukas Raich"">Lukas Raich</a>",wikidata_P18,Q124499364
