1	Khan	14200000	
2	Ali	10900000	
3	Hussain	7100000	
4	Ahmad	7000000	
5	Mohammad	4000000	
6	Muhammad	3500000	
7	Bakhash	3200000	
8	Shah	3200000	
9	Bibi	3100000	
10	Ahmed	2500000	
11	Allah	2400000	
12	Iqbal	2100000	
13	Ullah	1700000	
14	Din	1500000	
15	Nawaz	1400000	
16	Akhtar	1200000	
17	Abbas	1100000	
18	Khaw	1100000	
19	Mehmood	1100000	
20	Aslam	1100000	
21	Gul	1000000	
22	Begum	899900	
23	Rehman	853600	
24	Ashraf	848700	
25	Hassan	831700	
26	Uddin	813700	
27	Bi	728400	
28	Saleem	726500	
29	Akram	707600	
30	Rasool	701700	
31	Ramzan	688800	
32	Imran	632600	
33	Bux	629300	
34	Akbar	628400	
35	Siddique	615800	
36	Zaman	610200	
37	Parveen	608400	
38	Anwar	605500	
39	Hayat	594200	
40	Afzal	574300	
41	Javed	559700	
42	Maseeh	553700	
43	Arshad	527600	
44	Raza	525300	
45	Khatoon	514700	
46	Asif	506600	
47	Riaz	502700	
48	Haider	502500	
49	Shahzad	502200	
50	Rasheed	501900	
51	Jaan	500200	
52	Yousaf	485300	
53	Sharif	474800	
54	Sadiq	474400	
55	Farooq	468700	
56	Qadir	459300	
57	Saeed	449000	
58	Arif	439400	
59	Mustafa	437500	
60	Ibrahim	431900	
61	Nadeem	423700	
62	Nabi	413000	
63	Alam	408800	
64	Sher	407900	
65	Ramadan	399500	
66	Malik	398200	
67	Rafeeq	384700	
68	Khalid	376900	
69	Majeed	375200	
70	Dad	374400	
71	Asghar	372800	
72	Yar	369600	
73	Hameed	369400	
74	Latif	366600	
75	Shahid	361100	
76	Yaqoob	357900	
77	Jan	355400	
78	Aziz	353300	
79	Tariq	352900	
80	Shafi	348400	
81	Dutt	344000	
82	Alrehman	343600	
83	Usman	342700	
84	Ishaq	339900	
85	Irfan	333600	
86	Sultan	330800	
87	Ur Rehman	330300	
88	Mahmood	330200	
89	Yaseen	326800	
90	Sarwar	313900	
91	Bano	311600	
92	Ismail	309500	
93	Ameen	309200	
94	Razzaq	302400	
95	Naeem	300400	
96	Ahammad	298700	
97	Younis	293300	
98	Qasim	285800	
99	Hanif	284600	
100	Bilal	283200	