1	Gonzalez	270500	
2	Benitez	197500	
3	Martinez	168500	
4	Lopez	128200	
5	Gimenez	92900	
6	Vera	86500	
7	Duarte	83400	
8	Ramirez	82100	
9	Villalba	81400	
10	Fernandez	79700	
11	Gomez	73400	
12	Rojas	71800	
13	Acosta	71600	
14	Ortiz	68600	
15	Caceres	66300	
16	Rodriguez	63300	
17	Ruiz	62900	
18	Nuñez	62000	
19	Ayala	59500	
20	Baez	57800	
21	Cabrera	55000	
22	Galeano	55000	
23	Ferreira	54200	
24	Romero	52600	
25	Franco	51000	
26	Sosa	50500	
27	Torres	50200	
28	Espinola	50100	
29	Cardozo	49900	
30	Britez	49900	
31	Caballero	49000	
32	Medina	48700	
33	Sanchez	47000	
34	Diaz	45000	
35	Aquino	44800	
36	Pereira	43200	
37	Bogado	42100	
38	Amarilla	41400	
39	Jara	40000	
40	Garcia	38500	
41	Escobar	38100	
42	Vazquez	37100	
43	Paredes	37000	
44	Sanabria	36500	
45	Velazquez	35300	
46	Mendoza	34300	
47	Barrios	33600	
48	Coronel	33000	
49	Ojeda	31800	
50	Portillo	31600	
51	Colman	31300	
52	Rolon	30800	
53	Dominguez	30000	
54	Riveros	29900	
55	Centurion	29300	
56	Aguero	28400	
57	Silva	28200	
58	Perez	27400	
59	Peralta	27400	
60	Rios	26900	
61	Figueredo	26400	
62	Fleitas	26000	
63	Lezcano	25800	
64	Meza	25800	
65	Godoy	25500	
66	Alvarez	25200	
67	Avalos	24900	
68	Valdez	24700	
69	Melgarejo	24300	
70	Salinas	23900	
71	Gamarra	23800	
72	Barreto	23700	
73	Morel	23600	
74	Cantero	23400	
75	Candia	22200	
76	Florentin	22200	
77	Estigarribia	21600	
78	Recalde	21500	
79	Aguilera	21300	
80	Arce	21200	
81	Cristaldo	20900	
82	Olmedo	20500	
83	Cañete	20500	
84	Garcete	20100	
85	Insfran	20100	
86	Chavez	19900	
87	Rivas	19800	
88	Mendez	19700	
89	Ortega	19700	
90	Alvarenga	19700	
91	Santacruz	19500	
92	Vargas	19500	
93	Morinigo	19200	
94	Leguizamon	19000	
95	Acuña	18700	
96	Segovia	18600	
97	Fariña	18400	
98	Zarate	18300	
99	Ocampos	18100	
100	Roman	18100	