1	Mamadou	475900	
2	Ibrahima	257200	
3	Cheikh	220700	
4	Abdoulaye	208600	
5	Amadou	203600	
6	Moussa	170800	
7	Ousmane	168900	
8	Modou	166200	
9	Abdou	160400	
10	Aliou	130500	
11	Samba	129000	
12	Elhadji	123200	
13	Serigne	114900	
14	Mbaye	109200	
15	Papa	102800	
16	Oumar	101400	
17	Babacar	96200	
18	Moustapha	95300	
19	Mor	92000	
20	Assane	69700	
21	Demba	68900	
22	Malick	68100	
23	Saliou	62100	
24	Omar	62000	
25	Daouda	59400	
26	Alassane	58200	
27	Mouhamadou	55600	
28	Lamine	55200	
29	Souleymane	54100	
30	Thierno	53600	
31	Alioune	53500	
32	Boubacar	52300	
33	Bassirou	46700	
34	Ousseynou	45600	
35	Djiby	43100	
36	Djibril	42700	
37	El	42200	
38	Abdoul	40500	
39	Abou	40100	
40	Dame	39700	
41	Aly	37700	
42	Ibra	35500	
43	Issa	35300	
44	Khadim	33600	
45	Gora	30900	
46	Ablaye	29900	
47	Sidy	29100	
48	Idrissa	27900	
49	Pape	27600	
50	Ndiaga	27600	
51	Jean	26100	
52	Matar	25400	
53	Fallou	24600	
54	Baba	23800	
55	Yaya	23500	
56	Abdourahmane	23200	
57	Amath	23100	
58	Ismaila	22400	
59	Alpha	22400	
60	Talla	22100	
61	Mamoudou	21500	
62	Seydou	20900	
63	Ibou	19600	
64	Birame	19200	
65	Keba	18800	
66	Mouhamed	18400	
67	Bara	18100	
68	Birane	17300	
69	Cherif	17200	
70	Mohamed	17100	
71	Salif	17100	
72	Malang	17000	
73	Baye	16900	
74	Harouna	16900	
75	Hamady	16800	
76	Balla	16300	
77	Mohamadou	16200	
78	Saidou	16100	
79	Pathe	15900	
80	Yoro	15100	
81	Massamba	14900	
82	Mansour	14800	
83	Waly	14500	
84	Cheikhou	14300	
85	Ahmadou	14100	
86	Bacary	14000	
87	Doudou	13900	
88	Ngagne	13800	
89	Hamidou	13700	
90	Babou	13500	
91	Bocar	13500	
92	Momath	13400	
93	Arona	13400	
94	Momar	13200	
95	Yero	13000	
96	Bathie	12800	
97	Ngor	12700	
98	Gorgui	12100	
99	Mamour	11800	
100	Kalidou	11500	
101	Youssoupha	11500	
102	Fode	11500	
103	Badara	11000	
104	Seny	11000	
105	Moth	10900	
106	Mbacke	10900	
107	Elimane	10900	
108	Souleye	10600	
109	Bakary	10400	
110	Ndongo	10300	
111	Tidiane	10200	
112	Mahamadou	10100	
113	Aladji	10000	
114	Youssou	10000	
115	Pierre	9800	
116	Ababacar	9700	
117	Mady	9200	
118	Mody	9200	
119	Ameth	9000	
120	Khalifa	9000	
121	Youssouph	8600	
122	Abibou	8500	
123	Joseph	8400	
124	Seydina	8400	
125	Makhtar	8200	
126	Latyr	8100	
127	Bourama	8000	
128	Moctar	7900	
129	Insa	7600	
130	Ndiogou	7300	
131	Seyni	7300	
132	Malamine	7300	
133	Gallo	7200	
134	Aldiouma	7200	
135	Medoune	7200	
136	Lassana	7000	
137	Idy	6900	
138	Paul	6900	
139	Meissa	6800	
140	Amar	6700	
141	Maodo	6700	
142	Boubou	6700	
143	Francois	6400	
144	Hamadou	6300	
145	Amady	6300	
146	Tamsir	6300	
147	Dethie	6100	
148	Adiouma	5800	
149	Sekou	5800	
150	Famara	5800	
151	Michel	5700	
152	Saer	5700	
153	Diegane	5600	
154	Ansoumana	5600	
155	Antoine	5300	
156	Landing	5300	
157	Sadibou	5300	
158	Mandiaye	5200	
159	Sara	5200	
160	Baboucar	5200	
161	Sana	5100	
162	Cire	5000	
163	Amdy	4800	
164	Lansana	4800	
165	Louis	4700	
166	Diene	4700	
167	Mamady	4600	
168	Vieux	4500	
169	Ifra	4500	
170	Mactar	4500	
171	Seckou	4400	
172	Alle	4400	
173	Al	4400	
174	Sileymane	4300	
175	Djily	4300	
176	Ahmed	4200	
177	Macoumba	4200	
178	Aboubacar	4200	
179	Birama	4100	
180	Sada	4100	
181	Iba	4100	
182	Sette	4100	
183	Ndiouga	4000	
184	Arfang	4000	
185	Aboubacry	4000	
186	Sileye	3900	
187	Ndiasse	3900	
188	Hamath	3900	
189	Cheikhouna	3900	
190	Sory	3800	
191	Bouba	3800	
192	Mansor	3800	
193	Massaer	3800	
194	Bada	3800	
195	Mory	3800	
196	Magueye	3800	
197	Madiop	3700	
198	Masse	3700	
199	Mbagnick	3700	
200	Alla	3700	
201	Ansou	3600	
202	Saloum	3600	
203	Baidy	3600	
204	Bamba	3500	
205	Diaga	3500	
206	Elhadj	3500	
207	Birahim	3500	
208	Libasse	3500	
209	Mademba	3400	
210	Arouna	3400	
211	Edouard	3400	
212	Ndiack	3400	
213	Biram	3300	
214	Andre	3300	
215	Dominique	3300	
216	Charles	3300	
217	Boucar	3300	
218	Mamath	3300	
219	Madicke	3200	
220	Aboubakry	3100	
221	Diame	3100	
222	Ngouda	3100	
223	Albert	3100	
224	Alphousseyni	3100	
225	Daour	3100	
226	Niokhor	3100	
227	Mbissane	3100	
228	Habibou	3000	
229	Gana	3000	
230	Abasse	3000	
231	Djim	3000	
232	Touba	3000	
233	Mar	2900	
234	Barra	2900	
235	Katim	2900	
236	Maissa	2900	
237	Bernard	2900	
238	Khadime	2900	
239	Becaye	2800	
240	Emmanuel	2800	
241	Nouha	2800	
242	Lamarana	2800	
243	Etienne	2800	
244	Khaly	2800	
245	Alphonse	2800	
246	Isma	2700	
247	Dembo	2700	
248	Ndene	2700	
249	Jacques	2700	
250	Bounama	2600	
251	Semou	2600	
252	Boure	2600	
253	Diabel	2600	
254	Marcel	2600	
255	Pascal	2500	
256	Simon	2500	
257	Gabriel	2500	
258	Falilou	2500	
259	Issaga	2500	
260	Diomaye	2500	
261	Yancouba	2500	
262	Youssouf	2500	
263	Ndiame	2500	
264	Issakha	2500	
265	Seydi	2400	
266	Kemo	2400	
267	Ale	2400	
268	Mayoro	2400	
269	Bouna	2400	
270	Alhousseynou	2400	
271	Almamy	2400	
272	Augustin	2400	
273	Mountaga	2300	
274	Georges	2300	
275	Mass	2300	
276	Karamo	2300	
277	Maurice	2300	
278	Amary	2300	
279	Sambou	2300	
280	Yankhoba	2300	
281	Hamet	2300	
282	Coly	2300	
283	Magaye	2300	
284	Robert	2200	
285	Younoussa	2200	
286	Amidou	2100	
287	Abo	2100	
288	Falou	2100	
289	Karamba	2100	
290	Gilbert	2100	
291	Mousse	2100	
292	Racine	2100	
293	Sega	2100	
294	Abib	2000	
295	Cheikhna	2000	
296	Yatma	2000	
297	Ass	2000	
298	Code	2000	
299	Massar	2000	
300	Malal	2000	