1	Büchel	1200	
2	Marxer	1000	
3	Beck	995	
4	Frick	908	
5	Vogt	805	
6	Schädler	627	
7	Hasler	596	
8	Meier	561	
9	Ospelt	515	
10	Gassner	479	
11	Ritter	467	
12	Oehri	466	
13	Kindle	424	
14	Frommelt	420	
15	Gstöhl	410	
16	Eberle	378	
17	Matt	325	
18	Wohlwend	317	
19	Risch	312	
20	Kaiser	311	
21	Biedermann	298	
22	Batliner	290	
23	Walser	269	
24	Hilti	267	
25	Sele	267	
26	Hoop	260	
27	Lampert	255	
28	Kaufmann	253	
29	Bühler	252	
30	Heeb	241	
31	Nigg	235	
32	Kieber	231	
33	Wachter	207	
34	Banzer	194	
35	Jehle	192	
36	Negele	188	
37	Sprenger	186	
38	Näscher	183	
39	Gerner	180	
40	Wanger	174	
41	Nipp	155	
42	Bargetze	154	
43	Wolfinger	153	
44	Seger	150	
45	Kind	144	
46	Konrad	144	
47	Hoch	143	
48	Foser	142	
49	Kranz	137	
50	Fehr	133	
51	Müller	132	
52	Wille	125	
53	Quaderer	124	
54	Thöny	119	
55	Wenaweser	114	
56	Brunhart	112	
57	Hassler	111	
58	Verling	109	
59	Amann	107	
60	Bürzle	106	
61	Jäger	103	
62	Nutt	102	
63	Goop	101	
64	Nägele	101	
65	Schreiber	99	
66	Hermann	98	
67	Senti	96	
68	Oehry	91	
69	Malin	90	
70	Huber	87	
71	Wolf	87	
72	Erne	85	
73	Hemmerle	84	
74	Schlegel	82	
75	Rheinberger	78	
76	Gantner	77	
77	Walch	75	
78	Elkuch	71	
79	Schächle	69	
80	Haas	68	
81	Mayer	67	
82	Schurte	67	
83	Fischer	63	
84	Ott	63	
85	Marock	62	
86	Schierscher	62	
87	Feger	61	
88	Ender	60	
89	Falk	56	
90	Roth	56	
91	Moser	55	
92	Real	55	
93	Noser	54	
94	Schneider	54	
95	Schurti	53	
96	Allgäuer	49	
97	Schmid	49	
98	Berger	48	
99	Lenherr	48	
100	Gerster	47	