1	Maria	730	
2	Monika	668	
3	Andrea	518	
4	Karin	502	
5	Barbara	495	
6	Ursula	446	
7	Peter	444	
8	Elisabeth	409	
9	Brigitte	390	
10	Claudia	375	
11	Silvia	373	
12	Rita	366	
13	Erika	348	
14	Markus	348	
15	Sandra	346	
16	Doris	337	
17	Cornelia	333	
18	Daniela	322	
19	Thomas	316	
20	Petra	313	
21	Christine	307	
22	Ruth	296	
23	Susanne	296	
24	Martin	286	
25	Yvonne	285	
26	Nicole	282	
27	Josef	274	
28	Walter	269	
29	Marianne	266	
30	Renate	261	
31	Sonja	259	
32	Werner	256	
33	Manuela	254	
34	Heidi	238	
35	Michael	238	
36	Hildegard	228	
37	Edith	222	
38	Sabine	216	
39	Franz	214	
40	Ingrid	214	
41	Irene	209	
42	Anita	207	
43	Daniel	207	
44	Hans	203	
45	Marion	200	
46	Margrit	197	
47	Angelika	195	
48	Andreas	192	
49	Herbert	188	
50	Rosmarie	186	
51	Christian	184	
52	Carmen	183	
53	Bettina	182	
54	Helga	180	
55	Roland	178	
56	Alexandra	177	
57	Kurt	169	
58	Bruno	168	
59	Karl	168	
60	Norbert	165	
61	Eva	163	
62	Stefan	161	
63	Anna	159	
64	Gertrud	157	
65	Judith	154	
66	Heinz	153	
67	Anton	147	
68	Christa	140	
69	Wolfgang	140	
70	Manfred	135	
71	Margot	135	
72	Paul	134	
73	Elke	129	
74	Annemarie	127	
75	Mario	126	
76	René	123	
77	Robert	123	
78	Rudolf	121	
79	Waltraud	120	
80	Gerhard	118	
81	Rainer	117	
82	Martha	116	
83	Marco	115	
84	Gerlinde	114	
85	Georg	112	
86	Alois	110	
87	Inge	107	
88	Irmgard	105	
89	Marlies	105	
90	Urs	99	
91	Patrick	99	
92	Günther	98	
93	Ernst	97	
94	Gabriela	97	
95	Katharina	96	
96	Birgit	91	
97	Patricia	90	
98	Klaus	87	
99	Alfred	86	
100	Gerda	86	
101	Helmut	86	
102	Jürgen	86	
103	Alexander	85	
104	Erich	85	
105	Tanja	85	
106	Hannelore	83	
107	Marcel	83	
108	Alex	82	
109	Marina	82	
110	Roswitha	80	
111	Astrid	79	
112	Christoph	79	
113	Gisela	79	
114	Hanspeter	79	
115	Herta	79	
116	Katja	79	
117	Martina	79	
118	Rosa	79	
119	Antonio	77	
120	Simone	77	
121	Caroline	76	
122	Philipp	74	
123	Veronika	73	
124	Arthur	73	
125	Hermann	73	
126	Christina	73	
127	Diana	72	
128	Esther	72	
129	Hansjörg	72	
130	Max	71	
131	Annette	70	
132	Eugen	69	
133	Harald	67	
134	Helmuth	66	
135	Fritz	65	
136	Elmar	64	
137	Julia	63	
138	Albert	63	
139	Otto	62	
140	Emil	61	
141	Paula	61	
142	Olga	60	
143	Wilfried	60	
144	Bernhard	59	
145	Siegfried	59	
146	Verena	59	
147	Frieda	58	
148	Richard	57	
149	Silke	57	
150	Marlene	57	
151	Gabriele	57	
152	Beatrice	57	
153	Egon	56	
154	Anja	55	
155	Dietmar	55	
156	Erwin	55	
157	Kathrin	55	
158	Roger	55	
159	Sylvia	55	
160	Willi	55	
161	Hubert	54	
162	Norman	53	
163	Dagmar	53	
164	Anni	53	
165	Helena	52	
166	Jürg	52	
167	Reto	52	
168	Adolf	51	
169	Ines	51	
170	Johann	51	
171	Rolf	51	
172	Helen	50	
173	Marlen	50	
174	Roman	50	
175	Elsbeth	49	
176	Gaby	49	
177	Silvio	49	
178	Gustav	48	
179	Ilse	48	
180	Arnold	48	
181	Berta	48	
182	Johanna	47	
183	Sybille	47	
184	Johannes	46	
185	Michaela	46	
186	Katrin	45	
187	Regina	45	
188	Helene	45	
189	Alice	45	
190	Ewald	45	
191	Irma	44	
192	Isolde	44	
193	Stephan	44	
194	Vera	44	
195	Jasmin	43	
196	Remo	43	
197	Annelies	43	
198	Evelyn	43	
199	Christel	43	
200	Beat	43	
201	Elfriede	42	
202	Nicola	42	
203	David	41	
204	Margit	41	
205	Hedwig	40	
206	Hugo	40	
207	Ida	40	
208	Jakob	40	
209	Pascal	40	
210	Denise	39	
211	Hilda	39	
212	Fredy	38	
213	Horst	38	
214	Ludwig	38	
215	Melanie	38	
216	Patrik	38	
217	Erna	38	
218	Dieter	37	
219	Dominik	37	
220	Jutta	37	
221	Leo	36	
222	Ulrike	36	
223	Oliver	36	
224	Marc	36	
225	Ivo	36	
226	Gebhard	36	
227	Gabi	36	
228	Evi	36	
229	Isabelle	35	
230	Jacqueline	35	
231	Lydia	35	
232	Resi	35	
233	Tamara	35	
234	Corina	34	
235	Ferdinand	34	
236	Nadja	34	
237	Sabrina	34	
238	Wilma	34	
239	Othmar	33	
240	Sieglinde	33	
241	Heinrich	33	
242	Matthias	33	
243	Lotte	33	
244	Magdalena	33	
245	Elsa	32	
246	Franziska	32	
247	Giuseppe	32	
248	Ulrich	32	
249	Uwe	32	
250	Adrian	31	
251	Heike	31	
252	Marlis	31	
253	Sibylle	31	
254	Sigrid	31	
255	Nadine	30	
256	Ute	30	
257	Sarah	30	
258	Armin	30	
259	Lorenz	30	
260	Joachim	30	
261	Guido	30	
262	Ana	30	
263	Emma	29	
264	Frank	29	
265	Hanni	29	
266	Reinhard	29	
267	Salvatore	28	
268	Miriam	27	
269	Viktor	27	
270	Margrith	27	
271	Manuel	27	
272	Charlotte	27	
273	Agnes	26	
274	Arno	26	
275	Benno	26	
276	Christof	26	
277	Florian	26	
278	Heini	26	
279	Ingeborg	26	
280	Karl-Heinz	26	
281	Mathias	26	
282	Günter	25	
283	Toni	25	
284	Myriam	25	
285	Friedrich	25	
286	Maria-Theres	25	
287	Fredi	25	
288	Beatrix	25	
289	André	24	
290	Corinne	24	
291	Gabriel	24	
292	Isabella	24	
293	Jeannette	24	
294	Oskar	24	
295	Stefanie	24	
296	Vanessa	24	
297	Luzia	23	
298	Xaver	23	
299	Nina	23	
300	Lothar	23	