1	Perera	965700	
2	Fernando	583800	
3	de Silva	335300	
4	Bandara	254700	
5	Kumara	226000	
6	Dissanayake	193400	
7	Mohamed	173400	
8	Gamage	167600	
9	Liyanage	161200	
10	Jayasinghe	159300	
11	Ranasinghe	156500	
12	Herath	138100	
13	Weerasinghe	136600	
14	Peiris	129900	
15	Rathnayake	115300	
16	Wickramasinghe	108700	
17	Wijesinghe	106200	
18	Hettiarachchi	98100	
19	Nanayakkara	87500	
20	Ahamed	83500	
21	Rajapaksha	79700	
22	Mendis	79200	
23	Pathirana	78800	
24	Ekanayake	78200	
25	Gunasekara	77800	
26	Dias	75800	
27	Sampath	75400	
28	Amarasinghe	72800	
29	Ratnayake	67000	
30	Chathuranga	65800	
31	Senanayake	61700	
32	Samarasinghe	60800	
33	Lakmal	60200	
34	Munasinghe	59100	
35	Rodrigo	58000	
36	Seneviratne	57800	
37	Rathnayaka	55900	
38	Edirisinghe	54400	
39	Jayawardena	54200	
40	Fonseka	53800	
41	Sanjeewa	52800	
42	Gunawardana	52200	
43	Prasad	51500	
44	Gunawardena	50900	
45	Karunaratne	50300	
46	Jayaweera	48800	
47	Jayasekara	48600	
48	Ranaweera	47500	
49	Jayawardana	45800	
50	Jayasuriya	45400	
51	Madusanka	45200	
52	Alwis	45000	
53	Rajapakse	44900	
54	Karunarathna	44100	
55	Dissanayaka	43900	
56	Jayakody	43300	
57	Samarakoon	41600	
58	Kariyawasam	41400	
59	Cooray	39500	
60	Karunarathne	39300	
61	Kumari	39200	
62	Abeysinghe	38700	
63	Rupasinghe	37000	
64	Sandaruwan	36600	
65	Weerakoon	36300	
66	Jayalath	35600	
67	Gunasekera	34800	
68	de Alwis	34100	
69	Madushanka	33400	
70	Jayasundara	33300	
71	Tennakoon	33300	
72	Vithanage	33000	
73	Weerasekara	33000	
74	Subasinghe	32200	
75	Kumarasinghe	31400	
76	Hewage	31100	
77	Gunarathna	30100	
78	Gunaratne	30100	
79	Prasanna	30000	
80	Samaraweera	29900	
81	Athukorala	29600	
82	Maduranga	29600	
83	Wijeratne	29300	
84	Wijekoon	29100	
85	Gunathilaka	28900	
86	Hussain	28600	
87	Pushpakumara	28400	
88	Priyadarshana	28400	
89	Samaranayake	28100	
90	Jayathilaka	27900	
91	Lanka	27900	
92	Siriwardana	26900	
93	Gunathilake	26500	
94	Dassanayake	26500	
95	Senevirathne	26300	
96	Pradeep	25900	
97	Mohammed	25600	
98	Yapa	25500	
99	Priyankara	25000	
100	Wijesekara	24900	