1	John	490800	
2	Joseph	456200	
3	Peter	416500	
4	Brian	390000	
5	David	356500	
6	James	329900	
7	Samuel	272500	
8	Daniel	265600	
9	Stephen	264400	
10	Kelvin	245400	
11	Ibrahim	232400	
12	Mohamed	223500	
13	Dennis	223100	
14	Emmanuel	212300	
15	Paul	210300	
16	Victor	204000	
17	Moses	195200	
18	Kevin	192800	
19	Michael	182500	
20	Francis	180600	
21	Charles	166200	
22	Vincent	163900	
23	Alex	156900	
24	Simon	155500	
25	George	152400	
26	Otieno	150700	
27	Patrick	150700	
28	Evans	138300	
29	Collins	137900	
30	Kennedy	130700	
31	Mwangi	128600	
32	Isaac	125300	
33	Edwin	123500	
34	Ali	121300	
35	Erick	120500	
36	Felix	118700	
37	Joshua	115900	
38	Abdi	115300	
39	Martin	114400	
40	Robert	111000	
41	Amos	110100	
42	Denis	107300	
43	Hassan	106300	
44	Julius	104600	
45	Benson	103800	
46	Benard	103700	
47	Nicholas	99200	
48	Jackson	98500	
49	Samwel	98400	
50	Ian	96700	
51	Eric	96200	
52	Odhiambo	94700	
53	Maina	94300	
54	Richard	93400	
55	Ochieng	92500	
56	Antony	91900	
57	Juma	91100	
58	William	88900	
59	Philip	81700	
60	Samson	79700	
61	Shadrack	76000	
62	Ahmed	75400	
63	Joel	74600	
64	Wilson	73600	
65	Thomas	73500	
66	Hussein	72600	
67	Omondi	71500	
68	Kamau	70300	
69	Onyango	69400	
70	Geoffrey	69300	
71	Bonface	68600	
72	Hillary	67900	
73	Jacob	67700	
74	Andrew	67500	
75	Gideon	66700	
76	Benjamin	66200	
77	Mark	65900	
78	Timothy	65900	
79	Adan	65500	
80	Sammy	64600	
81	Dominic	64200	
82	Wafula	63800	
83	Salim	62000	
84	Titus	60500	
85	Henry	60200	
86	Elijah	59500	
87	Anthony	59100	
88	Edward	58000	
89	Josphat	56700	
90	Allan	56400	
91	Stanley	55400	
92	Njoroge	55200	
93	Kyalo	55100	
94	Kariuki	54900	
95	Ismail	54800	
96	Christopher	54700	
97	Omar	53500	
98	Mutua	52900	
99	Nelson	52400	
100	Ouma	52300	
101	Alfred	52200	
102	Clinton	52100	
103	Enock	52100	
104	Kenneth	51800	
105	Elvis	51200	
106	Duncan	49300	
107	Suleiman	49200	
108	Rashid	49100	
109	Dickson	48200	
110	Lawrence	46800	
111	Wanjala	46600	
112	Solomon	45900	
113	Meshack	45800	
114	Caleb	45800	
115	Wambua	45700	
116	Simiyu	44300	
117	Abraham	44200	
118	Jeremiah	44200	
119	Boniface	44000	
120	Hamisi	43200	
121	Kibet	42700	
122	Gabriel	42400	
123	Kimani	41800	
124	Raphael	41400	
125	Justus	40400	
126	Mutuku	39800	
127	Reuben	39800	
128	Derrick	39700	
129	Ezekiel	39300	
130	Njuguna	38000	
131	Ronald	38000	
132	Wekesa	37800	
133	Bernard	37200	
134	Lewis	37000	
135	Leonard	36700	
136	Festus	36100	
137	Jonathan	35900	
138	Godfrey	35300	
139	Geofrey	35200	
140	Said	35000	
141	Musyoka	34800	
142	Dancan	33900	
143	Eliud	33200	
144	Kioko	33000	
145	Pius	32600	
146	Morris	32300	
147	Elias	32300	
148	Macharia	32100	
149	Musa	32100	
150	Mathew	32100	
151	Barasa	31300	
152	Fred	31200	
153	Frankline	31000	
154	Isaiah	30200	
155	Harrison	29900	
156	Mutinda	29600	
157	Newton	29600	
158	Osman	29300	
159	Wycliffe	29300	
160	Karanja	29100	
161	Mohammed	29000	
162	Yusuf	28700	
163	Owino	28200	
164	Issa	28100	
165	Albert	27900	
166	Okoth	27800	
167	Jared	27700	
168	Rodgers	27500	
169	Yussuf	27400	
170	Derick	26900	
171	Johnson	26700	
172	Oduor	26600	
173	Oscar	26400	
174	Nickson	26000	
175	Wilfred	26000	
176	Kiprotich	25900	
177	Wanyonyi	25300	
178	Nyongesa	25100	
179	Kinyua	25100	
180	Cyrus	25000	
181	Aron	24400	
182	Kipkoech	24300	
183	Gitonga	23900	
184	Walter	23900	
185	Kiptoo	23800	
186	Mbugua	23500	
187	Mohamud	23500	
188	Tonny	23500	
189	Waweru	23400	
190	Onesmus	23200	
191	Zakaria	23200	
192	Wesley	23200	
193	Ramadhan	23100	
194	Chege	23000	
195	Daud	22900	
196	Ngugi	22700	
197	Tom	22500	
198	Mwendwa	22400	
199	Mike	22400	
200	Cosmas	22400	
201	Alvin	22300	
202	Steven	22300	
203	Kiprono	22300	
204	Ezra	22000	
205	Muriithi	21600	
206	Abel	21600	
207	Davis	21600	
208	Maurice	21500	
209	Mburu	21100	
210	Gerald	21100	
211	Kiprop	21000	
212	Musyoki	20800	
213	Irungu	20700	
214	Noah	20500	
215	Maxwell	20400	
216	Mwaura	20400	
217	Cheruiyot	20300	
218	Austine	20200	
219	Elisha	19900	
220	Kimutai	19900	
221	Gitau	19900	
222	Kiplagat	19900	
223	Laban	19800	
224	Kipkorir	19700	
225	Muli	19600	
226	Noor	19300	
227	Justine	19200	
228	Oliver	19200	
229	Steve	19100	
230	Issack	19000	
231	Ndungu	18800	
232	Nathan	18800	
233	Harun	18700	
234	Augustine	18700	
235	Mutisya	18600	
236	Alexander	18600	
237	Eugene	18500	
238	Wachira	18200	
239	Ayub	18200	
240	Tony	18200	
241	Cornelius	18100	
242	Boaz	18100	
243	Mutunga	17900	
244	Aden	17900	
245	Abdalla	17900	
246	Bakari	17800	
247	Mwaniki	17700	
248	Dan	17500	
249	Chris	17500	
250	Japheth	17400	
251	Ng'ang'a	17100	
252	Benedict	16500	
253	Maxwel	16400	
254	Eugine	16300	
255	Raymond	16300	
256	Lucas	16300	
257	Njenga	16100	
258	Japhet	16100	
259	Ernest	16000	
260	Ndung'u	16000	
261	Munene	15800	
262	Murithi	15700	
263	Baraka	15700	
264	Humphrey	15600	
265	Mwanzia	15500	
266	Hosea	15500	
267	Nicholus	15500	
268	Calvin	15400	
269	Munyao	15300	
270	Kipruto	15200	
271	Linus	15200	
272	Reagan	15200	
273	Danson	15100	
274	Arnold	15000	
275	Robinson	14900	
276	Evance	14800	
277	Ismael	14700	
278	Sylvester	14600	
279	Charo	14500	
280	Musembi	14500	
281	Muriuki	14400	
282	Muema	14300	
283	Idris	14300	
284	Willy	14200	
285	Kinyanjui	14200	
286	Mugo	14200	
287	Teddy	14000	
288	Clement	13900	
289	Kiplangat	13700	
290	Kipngetich	13600	
291	Mumo	13600	
292	Rotich	13500	
293	Feisal	13500	
294	Kuria	13400	
295	Wamalwa	13400	
296	Ambrose	13400	
297	Alphonce	13300	
298	Jeff	13300	
299	Mulwa	13200	
300	Kipkemoi	13200	