1	Mohamed	504500	
2	Kasun	140300	
3	Indika	129200	
4	Gayan	125300	
5	Nuwan	120600	
6	Amila	116700	
7	Chaminda	109100	
8	Janaka	105400	
9	Roshan	103000	
10	Ruwan	101300	
11	Sampath	101200	
12	Dinesh	88500	
13	Asanka	88300	
14	Sameera	86600	
15	Saman	84500	
16	Pradeep	83100	
17	Ajith	79700	
18	Tharindu	79400	
19	Sanjeewa	79300	
20	Chandana	78600	
21	Mahesh	77500	
22	Lahiru	75300	
23	Aruna	73800	
24	Manjula	73800	
25	Buddhika	71100	
26	Isuru	70300	
27	Sarath	70300	
28	Fathima	69100	
29	Prasanna	69000	
30	Rasika	68200	
31	Mohammed	67000	
32	Priyantha	66800	
33	Fernando	66600	
34	Nishantha	65700	
35	Harsha	65500	
36	Nalin	64700	
37	Thilina	63100	
38	Upul	61700	
39	Thushara	60800	
40	Gamini	60300	
41	Manoj	59900	
42	Thilini	58700	
43	Dhanushka	58700	
44	Anura	58700	
45	Chamara	58700	
46	Ranjith	57900	
47	Chanaka	56500	
48	Abdul	56300	
49	Samantha	56200	
50	Chinthaka	56000	
51	Rohan	55500	
52	Sanjaya	54500	
53	Lalith	54100	
54	Chathura	53900	
55	Wasantha	53600	
56	Jagath	52900	
57	Sunil	52200	
58	Suranga	52000	
59	Gihan	51900	
60	Tharanga	50200	
61	Prasad	49600	
62	Chamila	49400	
63	Suresh	48700	
64	Jayantha	47600	
65	Nimal	47400	
66	Anuradha	46700	
67	Ravi	45200	
68	Hasitha	44600	
69	Lasantha	44300	
70	Supun	43900	
71	Chandima	43700	
72	Charith	43600	
73	Kamal	43100	
74	Kanchana	43100	
75	Thusitha	42600	
76	Prabath	42400	
77	Duminda	42100	
78	Nalaka	41200	
79	Tharaka	40600	
80	Dhammika	40100	
81	Damith	39900	
82	Ananda	39700	
83	Kapila	39600	
84	Shehan	39300	
85	Rajitha	38700	
86	Dinusha	38700	
87	Gayani	38700	
88	Darshana	38100	
89	Udaya	38100	
90	Nadeesha	37900	
91	Asela	37800	
92	Sajith	36700	
93	Anusha	36400	
94	Ranga	36300	
95	Udara	35600	
96	Upali	35300	
97	Sumith	34700	
98	Pubudu	34500	
99	Eranga	34300	
100	Nihal	34100	
101	Mahinda	34100	
102	Ishara	33400	
103	Susantha	33400	
104	Shantha	33100	
105	Sanath	32900	
106	Sumudu	31800	
107	Sandun	31600	
108	Sujeewa	31600	
109	Kanishka	31100	
110	Danushka	31000	
111	Amal	30300	
112	Lakmal	30300	
113	Thanuja	30100	
114	Ashan	30000	
115	Chathurika	29800	
116	Viraj	29700	
117	Nadeeka	29500	
118	Dimuthu	29300	
119	Kosala	29300	
120	Ravindra	29300	
121	Athula	29000	
122	Niroshan	29000	
123	Asoka	28800	
124	Shanika	28800	
125	Anushka	28600	
126	Palitha	28500	
127	Shanaka	28300	
128	Hemantha	28100	
129	Akila	28000	
130	Chathuranga	27900	
131	Shashika	27900	
132	Bandula	27800	
133	Uditha	27700	
134	Jude	27300	
135	Sisira	27300	
136	Namal	27100	
137	Iresha	27000	
138	Waruna	25900	
139	Ishan	25700	
140	Lakshman	25700	
141	Kushan	25500	
142	Sudath	25400	
143	Sujith	25000	
144	Nilantha	24800	
145	Rukshan	24800	
146	Harshani	24800	
147	Nishan	24500	
148	Nirosha	24300	
149	Gayathri	24100	
150	Hiran	24000	
151	Dilan	23600	
152	Sahan	23500	
153	Anil	23400	
154	Inoka	23300	
155	Thilak	23300	
156	Ramesh	23100	
157	Yohan	23000	
158	Charitha	22700	
159	Rohana	22700	
160	Kumudu	22600	
161	Mohan	22600	
162	Ranil	22500	
163	Dilshan	22500	
164	Shan	22400	
165	Vajira	22200	
166	Anton	22100	
167	Muditha	21800	
168	Buddika	21700	
169	Malinda	21600	