1	Олександр	2000000	
2	Сергій	1700000	
3	Володимир	1500000	
4	Андрій	990500	
5	Юрій	902400	
6	Ігор	865400	
7	Віктор	728400	
8	Олег	728100	
9	Микола	714900	
10	Віталій	565000	
11	Дмитро	537200	
12	Анатолій	501400	
13	Василь	456200	
14	Роман	433000	
15	Валерій	426600	
16	Олексій	413800	
17	Михайло	407400	
18	Іван	344700	
19	Євген	280500	
20	Вадим	272900	
21	Павло	270200	
22	Руслан	247500	
23	Петро	206200	
24	Геннадій	200900	
25	Максим	191600	
26	Вячеслав	174500	
27	Костянтин	170000	
28	Владислав	156800	
29	Тарас	152500	
30	Ярослав	149500	
31	Леонід	144300	
32	Євгеній	126600	
33	Валентин	126300	
34	Денис	125900	
35	Станіслав	109300	
36	Богдан	100600	
37	Григорій	97800	
38	Борис	90600	
39	Едуард	87300	
40	Артем	80400	
41	Степан	63300	
42	Антон	62300	
43	В'Ячеслав	62100	
44	Георгій	47400	
45	Федір	43200	
46	Назарій	42300	
47	Артур	40100	
48	Ростислав	32900	
49	Ілля	30700	
50	Мирослав	23700	
51	Любомир	17600	
52	Орест	15900	
53	Кирило	15400	
54	Ван	15400	
55	Святослав	15200	
56	Тхі	14300	
57	Аркадій	14100	
58	Йосип	13800	
59	Назар	11300	
60	Семен	10000	
61	Роберт	9900	
62	Альберт	9800	
63	Мирон	9600	
64	Яків	9500	
65	Єгор	9400	
66	Мар'Ян	9400	
67	Зіновій	9100	
68	Ян	7000	
69	Данило	7000	
70	Микита	7000	
71	Армен	6000	
72	Всеволод	5700	
73	Юлій	5500	
74	Рустам	5000	
75	Тимофій	4900	
76	Арсен	4600	
77	Лев	4400	
78	Тимур	4300	
79	Марк	4300	
80	Остап	4100	
81	Гліб	4100	
82	Владлен	4100	
83	Герман	3800	
84	Давид	3700	
85	Пилип	3700	
86	Генадій	3600	
87	Леонтій	3600	
88	Карен	3500	
89	Ернест	3400	
90	Золтан	3200	
91	Фелікс	2800	
92	Зеновій	2700	
93	Родіон	2700	
94	Йосиф	2600	
95	Марат	2600	
96	Юліан	2600	
97	Іштван	2500	
98	Броніслав	2500	
99	Веніамін	2500	
100	Адам	2400	
101	Омелян	2400	
102	Суан	2300	
103	Кирил	2300	
104	Дик	2300	
105	Стефан	2300	
106	Тиберій	2200	
107	Захар	2200	
108	Дем'Ян	2200	
109	Самвел	2100	
110	Рудольф	2000	
111	Франц	2000	
112	Владіслав	2000	
113	Деніс	1900	
114	Нгок	1800	
115	Арсеній	1800	
116	Юхим	1800	
117	Ашот	1800	
118	Андріан	1800	
119	Генріх	1700	
120	Дінь	1700	
121	Аттіла	1700	
122	Ренат	1700	
123	Левон	1600	
124	Янош	1600	
125	Ерік	1600	
126	Куанг	1500	
127	Рубен	1500	
128	Алім	1500	
129	Томаш	1400	
130	Рінат	1400	
131	Карл	1400	
132	Тімур	1400	
133	Дмитрій	1300	
134	Вадім	1300	
135	Рафаель	1300	
136	Мінь	1300	
137	Рустем	1300	
138	Давід	1300	
139	Тхань	1300	
140	Зенон	1300	
141	Куок	1300	
142	Гагік	1300	
143	Казимир	1200	
144	Олесь	1200	
145	Алік	1200	
146	Отто	1200	
147	Марко	1200	
148	Вахтанг	1200	
149	Радіон	1200	
150	Матвій	1200	
151	Тігран	1100	
152	Осип	1100	
153	Арутюн	1100	
154	Рафік	1100	
155	Олена	1100	
156	Димитрій	1100	
157	Еміль	1100	
158	Миколай	1100	
159	Спартак	1100	
160	Ласло	1100	
161	Алішер	1100	
162	Ельдар	1100	
163	Едвард	1100	
164	Сурен	983	
165	Зураб	983	
166	Андранік	983	
167	Андріян	983	
168	Теодор	983	
169	Вардан	983	
170	Людвиг	983	
171	Іларіон	983	
172	Мілан	983	
173	Тібор	983	
174	Оганес	983	
175	Афанасій	913	
176	Акоп	913	
177	Алі	913	
178	Адальберт	913	
179	Арам	913	
180	Арарат	913	
181	Болеслав	913	
182	Енвер	842	
183	Тіберій	842	
184	Мань	842	
185	Ара	842	
186	Констянтин	842	
187	Ананій	842	
188	Мохаммад	842	
189	Геворг	842	
190	Жан	842	
191	Василій	842	
192	Дамір	842	
193	Альфред	842	
194	Шаміль	772	
195	Данііл	772	
196	Даніїл	772	
197	Гарік	772	
198	Гаврило	772	
199	Антоній	772	
200	Наталія	772	
201	Сейран	772	
202	Єдуард	772	
203	Вікентій	772	
204	Артак	772	
205	Олесандр	772	
206	Арпад	772	
207	Маркіян	702	
208	Манвел	702	
209	Роланд	702	
210	Вільгельм	702	
211	Ба	702	
212	Федор	702	
213	Ростіслав	702	
214	Кім	702	
215	Гайк	702	
216	Зорян	702	
217	Араік	702	
218	Євстахій	702	
219	Валентина	702	
220	Арон	632	
221	Автанділ	632	
222	Володимр	632	
223	Тхи	632	
224	Едгар	632	
225	Карлен	632	
226	Жорж	632	
227	Хиу	632	
228	Даниїл	632	
229	Віорел	632	
230	Алан	632	
231	Тагір	632	
232	Наріман	632	
233	Гамлет	632	
234	Тетяна	632	
235	Вілен	632	
236	Григор	632	
237	Аскольд	632	
238	Леон	632	
239	Хонг	632	
240	Крістіан	562	
241	Нікіта	562	
242	Тхє	562	
243	Абдул	562	
244	Камо	562	
245	Ален	562	
246	Гнат	562	
247	Леван	562	
248	Гаррі	562	
249	Шандор	562	
250	Арман	562	
251	Олекса	562	
252	Валер'Ян	562	
253	Сервер	562	
254	Зуй	562	
255	Чонг	562	
256	Ринат	491	
257	Мухаммад	491	
258	Хоанг	491	
259	Ольга	491	
260	Дементій	491	
261	Анзор	491	
262	Мартін	491	
263	Наум	491	
264	Мурад	491	
265	Саркіс	491	
266	Вацлав	491	
267	Мехман	491	
268	Борислав	491	
269	Мустафа	491	
270	Ігорь	491	
271	Тигран	491	
272	Сабір	491	
273	Любов	491	
274	Валеріан	491	
275	Річард	491	
276	Ахмед	491	
277	Нестор	491	
278	Савелій	491	
279	Арнольд	491	
280	Тієн	491	
281	Зиновій	491	
282	Ярема	491	
283	Павел	491	
284	Ібрагім	491	
285	Едік	491	
286	Людвіг	491	
287	Расім	421	
288	Евгеній	421	
289	Джумбер	421	
290	Рефат	421	
291	Януш	421	
292	Едем	421	
293	Рафаел	421	
294	Вартан	421	
295	Варужан	421	
296	Станислав	421	
297	Рашид	421	
298	Яков	421	
299	Марія	421	
300	Людмила	421	