1	Ndiaye	918900	
2	Diop	723700	
3	Ba	676100	
4	Diallo	668200	
5	Sow	561400	
6	Diouf	455100	
7	Gueye	448800	
8	Fall	422300	
9	Faye	376500	
10	Sarr	291300	
11	Cisse	274300	
12	Seck	256900	
13	Niang	252200	
14	Thiam	240900	
15	Mbaye	240800	
16	Sene	239400	
17	Ka	211300	
18	Dieng	202500	
19	Diagne	185300	
20	Balde	181500	
21	Toure	176000	
22	Dia	175200	
23	Sy	174100	
24	Sall	162400	
25	Ngom	151000	
26	Camara	149100	
27	Ndao	143800	
28	Gaye	133800	
29	Kane	120500	
30	Drame	96600	
31	Diatta	96300	
32	Sane	93900	
33	Lo	93400	
34	Mbengue	93100	
35	Diaw	91900	
36	Dione	85100	
37	Sylla	82600	
38	Samb	81700	
39	Ndour	81000	
40	Mane	74400	
41	Diedhiou	73500	
42	Ndoye	72400	
43	Diao	71300	
44	Badji	66500	
45	Seye	64200	
46	Wade	64100	
47	Ly	59400	
48	Kebe	55400	
49	Dieye	54600	
50	Barry	53200	
51	Mendy	52400	
52	Sagna	51800	
53	Tine	51500	
54	Coly	50900	
55	Keita	48900	
56	Tall	48200	
57	Thiaw	46900	
58	Ndong	46200	
59	Mballo	46100	
60	Diakhate	44900	
61	Gning	44100	
62	Badiane	43100	
63	Deme	42900	
64	Dieme	42500	
65	Kande	42400	
66	Seydi	41000	
67	Traore	40700	
68	Ciss	39200	
69	Sakho	37300	
70	Cissokho	37100	
71	Beye	36100	
72	Coulibaly	35900	
73	Mboup	35300	
74	Sambou	34300	
75	Mbodji	33500	
76	Pouye	32900	
77	Diene	31700	
78	Mbow	31200	
79	Gomis	30000	
80	Leye	29800	
81	Loum	28600	
82	Thioune	28400	
83	Kante	27800	
84	Sadio	27700	
85	Sonko	27500	
86	Niane	26400	
87	Senghor	26400	
88	Dabo	26200	
89	Top	25300	
90	Mbacke	25200	
91	Sidibe	24900	
92	Manga	24800	
93	Ndione	23800	
94	Boye	23500	
95	Diarra	22600	
96	Gassama	21700	
97	Sabaly	21300	
98	Goudiaby	20800	
99	Faty	20300	
100	Soumare	20200	