1	Otieno	547600	
2	Mohamed	496600	
3	Mwangi	479600	
4	Odhiambo	351200	
5	Maina	350100	
6	Ochieng	336600	
7	Ali	268500	
8	Kamau	262700	
9	Omondi	262500	
10	Onyango	261500	
11	Juma	240400	
12	Hassan	235200	
13	Abdi	229300	
14	Wambui	223200	
15	Atieno	223100	
16	Wanjiku	217200	
17	Njoroge	215900	
18	Njeri	212100	
19	Kariuki	202200	
20	Akinyi	196700	
21	Wafula	186200	
22	Achieng	184500	
23	Muthoni	180400	
24	Ouma	179700	
25	Ahmed	168800	
26	Kimani	158100	
27	Hussein	154900	
28	Adan	150000	
29	Mutua	149400	
30	Abdullahi	147100	
31	Adhiambo	145600	
32	Cheruiyot	143100	
33	Njuguna	140800	
34	Kibet	139900	
35	Simiyu	137500	
36	Macharia	134900	
37	Wanjala	128000	
38	Barasa	124900	
39	Wambua	123200	
40	Wairimu	119900	
41	Chebet	119300	
42	Koech	118900	
43	Ibrahim	116600	
44	Omar	116500	
45	Nyambura	115900	
46	Rotich	113600	
47	Karanja	113200	
48	Anyango	112200	
49	Wangui	108000	
50	Wekesa	107600	
51	Okoth	106600	
52	Langat	105600	
53	Chepkemoi	105300	
54	Mutuku	104700	
55	Owino	98800	
56	Wangari	97600	
57	Njoki	97600	
58	Awuor	96400	
59	Musyoka	95100	
60	Nyongesa	94700	
61	Cherotich	94100	
62	Wanyonyi	93700	
63	Chepkoech	93200	
64	Korir	92600	
65	Chelangat	91900	
66	Kiptoo	91700	
67	Mwendwa	89800	
68	Mbugua	88900	
69	Chege	88100	
70	Waweru	88100	
71	Kinyua	87500	
72	Ngugi	87200	
73	Kiprotich	86300	
74	Kipkoech	85000	
75	Oduor	83500	
76	Mburu	81800	
77	Akoth	81500	
78	Kirui	81400	
79	Mwende	81100	
80	Kioko	81000	
81	Gitonga	81000	
82	Rono	79100	
83	Auma	78800	
84	Mwaura	77100	
85	Muriithi	77100	
86	Gitau	77100	
87	Munene	76800	
88	Wachira	75200	
89	Irungu	74500	
90	Njeru	73700	
91	Kemboi	73000	
92	Mutai	72800	
93	Cherono	71800	
94	Kimutai	71500	
95	Ndungu	70200	
96	Nyaga	70200	
97	Mutinda	70000	
98	Ndung'u	70000	
99	Chepkorir	70000	
100	Ng'ang'a	69100	