1	Janis	75900	
2	Aleksandrs	34000	
3	Vladimirs	31000	
4	Nikolajs	23700	
5	Juris	23300	
6	Viktors	22000	
7	Andris	18500	
8	Peteris	17900	
9	Ivans	17200	
10	Sergejs	16200	
11	Anatolijs	15100	
12	Aivars	13500	
13	Jurijs	13000	
14	Andrejs	12800	
15	Mihails	12400	
16	Edgars	12000	
17	Valerijs	10900	
18	Vasilijs	10900	
19	Gunars	10600	
20	Valdis	10100	
21	Igors	9800	
22	Maris	9600	
23	Karlis	9500	
24	Imants	9300	
25	Jevgenijs	9100	
26	Arturs	8900	
27	Aleksejs	8500	
28	Ivars	8100	
29	Antons	7800	
30	Uldis	7600	
31	Stanislavs	7300	
32	Arvids	7200	
33	Leonids	6900	
34	Pjotrs	6800	
35	Olegs	6800	
36	Eduards	6500	
37	Boriss	6500	
38	Genadijs	6300	
39	Pavels	6000	
40	Vitalijs	6000	
41	Vladislavs	5900	
42	Roberts	5800	
43	Jazeps	5700	
44	Eriks	5600	
45	Voldemars	5500	
46	Guntis	5500	
47	Alberts	5400	
48	Martins	5200	
49	Dainis	5100	
50	Vilnis	5100	
51	Valentins	4800	
52	Arnis	4700	
53	Raimonds	4700	
54	Dmitrijs	4700	
55	Aigars	4500	
56	Vjaceslavs	4100	
57	Ilmars	4100	
58	Grigorijs	4000	
59	Aldis	4000	
60	Georgijs	3900	
61	Arnolds	3800	
62	Laimonis	3700	
63	Modris	3700	
64	Alfreds	3700	
65	Normunds	3600	
66	Konstantins	3400	
67	Oskars	3300	
68	Fjodors	3100	
69	Vilis	2900	
70	Dzintars	2900	
71	Harijs	2900	
72	Ainars	2900	
73	Elmars	2700	
74	Agris	2700	
75	Leons	2700	
76	Edvins	2600	
77	Artur	2500	
78	Guntars	2500	
79	Edmunds	2400	
80	Kaspars	2400	
81	Ojars	2300	
82	Evalds	2200	
83	Armands	2200	
84	Viesturs	2100	
85	Rudolfs	2000	
86	Andis	2000	
87	Kristaps	2000	
88	Ernests	2000	
89	Rolands	2000	
90	Vadims	2000	
91	Bronislavs	2000	
92	Visvaldis	1900	
93	Gints	1900	
94	Rihards	1900	
95	Egils	1900	
96	Josifs	1800	
97	Arkadijs	1800	
98	Romans	1700	
99	Zigurds	1700	
100	Adolfs	1700	
101	Raitis	1700	
102	Osvalds	1600	
103	Gatis	1500	
104	Vitolds	1400	
105	Ziedonis	1400	
106	Aleksandr	1400	
107	Stepans	1300	
108	Mareks	1300	
109	Artis	1300	
110	Girts	1300	
111	Olgerts	1300	
112	Egons	1300	
113	Indulis	1300	
114	Augusts	1200	
115	Semjons	1200	
116	Bruno	1200	
117	Zanis	1200	
118	Levs	1200	
119	Leonards	1200	
120	Kazimirs	1200	
121	Ilgvars	1200	
122	Jakovs	1100	
123	Edgar	1100	
124	Alfons	1100	
125	Lauris	1100	
126	Haralds	1100	
127	Romualds	1100	
128	Francis	1100	
129	Ceslavs	1100	
130	Sandris	1100	
131	Ansis	1100	
132	Donats	1100	
133	Zigfrids	1100	
134	Raivis	1000	
135	Atis	1000	
136	Zigmunds	1000	
137	Miervaldis	979	
138	Ilja	955	
139	Reinis	949	
140	Talivaldis	945	
141	Gundars	930	
142	Jekabs	927	
143	Fricis	903	
144	Vilhelms	883	
145	Nikita	843	
146	Viktor	786	
147	Ugis	777	
148	Deniss	774	
149	Denis	765	
150	Vitauts	747	
151	Ervins	721	
152	Sergey	721	
153	Sandis	716	
154	Ilgonis	709	
155	Ingus	707	
156	Pauls	687	
157	Aloizs	669	
158	Rinalds	669	
159	Didzis	667	
160	Boleslavs	663	
161	Teodors	659	
162	Felikss	654	
163	Georgs	653	
164	Daniel	653	
165	Alvis	653	
166	Igor	647	
167	Henrihs	622	
168	Emils	621	
169	Dima	618	
170	Julijs	616	
171	Vladimir	601	
172	Ivo	595	
173	Oleg	590	
174	Maksims	589	
175	Timofejs	574	
176	Herberts	571	
177	Linards	565	
178	Helmuts	554	
179	Ludvigs	550	
180	Andrej	549	
181	Paulis	544	
182	Valters	542	
183	Marks	538	
184	Toms	529	
185	Raivo	525	
186	Ainis	499	
187	Verners	499	
188	Sergej	497	
189	Mikelis	495	
190	Ruslans	490	