1	Jose	457900	
2	António	398900	
3	Carlos	380200	
4	Manuel	336500	
5	Joao	325400	
6	Paulo	306700	
7	Pedro	290400	
8	Luis	279800	
9	Francisco	270200	
10	Mária	266400	
11	Sérgio	264500	
12	Fernando	264000	
13	Ana	242900	
14	Jorge	230400	
15	Alberto	209800	
16	Nelson	195400	
17	Rui	190100	
18	Joaquim	184800	
19	José	162200	
20	Hélder	160300	
21	Edson	153600	
22	Mario	152200	
23	Eduardo	147400	
24	Armando	145900	
25	Julião	139700	
26	Samuel	138200	
27	David	137300	
28	Miguel	128600	
29	Abdul	125800	
30	Ernesto	124800	
31	Celso	122900	
32	Jaime	122900	
33	Daniel	117100	
34	Víctor	117100	
35	Alfredo	110400	
36	Domingos	109400	
37	Augusto	105100	
38	Isabel	98400	
39	Orlando	94100	
40	Osvaldo	92600	
41	Filipe	91700	
42	Alexandre	89800	
43	Tomas	89800	
44	Ricardo	89300	
45	Arlindo	88300	
46	João	88300	
47	Nuno	87800	
48	Mauro	83000	
49	Dercio	81600	
50	Sandrêa	81100	
51	Cláudio	80600	
52	Hélio	80200	
53	Paula	80200	
54	Sheila	80200	
55	Moisés	78700	
56	Gabriel	78200	
57	Ivanú	78200	
58	Elias	76800	
59	Leonel	76300	
60	Sonia	75800	
61	Lucas	75800	
62	Angelo	75800	
63	Bernardo	75400	
64	Abel	74900	
65	Carla	74900	
66	Andre	73400	
67	Bruno	73000	
68	Rafael	72500	
69	Rosa	72500	
70	Luisa	72000	
71	Vasco	70600	
72	Artur	68600	
73	Mateus	67200	
74	Adelino	66200	
75	Roberto	64800	
76	Américo	63800	
77	Felix	63400	
78	Helena	62900	
79	Nilza	62900	
80	Rogério	62400	
81	John	61900	
82	Elsa	61400	
83	Marcos	61000	
84	Sara	59500	
85	Eugênio	58600	
86	Agostinho	58100	
87	Fatima	58100	
88	Arnaldo	57600	
89	Jeremias	56600	
90	Milton	56200	
91	Edgar	56200	
92	Amélia	56200	
93	Tânia	55700	
94	Marta	55200	
95	Armindo	54700	
96	Arsenio	54700	
97	Geraldo	53300	
98	Stelio	53300	
99	Hermenegildo	52800	
100	Leonardo	52800	
101	Célia	52300	
102	Antonio	51800	
103	Xavier	51800	
104	Horácio	51400	
105	Joana	50900	
106	Sílvia	50400	
107	Danilo	50400	
108	Teresa	49900	
109	Zacarias	49900	
110	Adérito	49400	
111	Gilberto	49000	
112	Salvador	48000	
113	Marcia	47500	
114	Vicente	47500	
115	Ismael	47000	
116	Claúdia	46100	
117	César	46100	
118	Paulino	46100	
119	Adriano	45600	
120	Cremildo	45600	
121	Elisio	45600	
122	Cristina	45100	