1	Ivanova	83000	Ivanov
2	Petrova	34900	Petrov
3	Novikova	32000	Novikov
4	Kozlova	24700	Kozlov
5	Volkova	24600	Volkov
6	Kotova	23300	Kotov
7	Morozova	22900	Morozov
8	Smirnova	22800	Smirnov
9	Zaytseva	19700	Zaytsev
10	Kovalyova	17600	Kovalyov
11	Melnikova	15400	Melnikov
12	Romanova	15200	Romanov
13	Kozlovsky	14800	
14	Kuznetsova	14500	Kuznetsov
15	Sokolova	14000	Sokolov
16	Kovaleva	13600	Kovalev
17	Baranova	12600	Baranov
18	Vasilevsky	12500	
19	Frolova	12300	Frolov
20	Goncharova	11900	Goncharov
21	Popova	11900	Popov
22	Mironova	11800	Mironov
23	Orlova	11800	Orlov
24	Pavlova	11600	Pavlov
25	Andreeva	11600	Andreev
26	Makarova	11300	Makarov
27	Kravtsova	11100	Kravtsov
28	Nikitinа	10600	Nikitin
29	Zhukova	10600	Zhukov
30	Mikhaylova	10400	Mikhaylov
31	Bely	10300	
32	Zhukovsky	10100	
33	Belova	10000	Belov
34	Sergeeva	10000	Sergeev
35	Kovalevsky	9700	
36	Medvedeva	9500	Medvedev
37	Stepanova	9500	Stepanov
38	Bondarenko	9400	
39	Lebedeva	9300	Lebedev
40	Baranovsky	9300	
41	Titova	9200	Titov
42	Stankevich	9100	
43	Tarasevich	9000	
44	Marchenko	8900	
45	Nikolaeva	8800	Nikolaev
46	Sokolovsky	8800	
47	Savitsky	8700	
48	Lukashevich	8700	
49	Egorova	8700	Egorov
50	Kot	8600	
51	Savchenko	8600	
52	Chernyavsky	8500	
53	Drozdova	8400	Drozdov
54	Bogdanovich	8400	
55	Antonova	8200	Antonov
56	Romanovsky	8100	
57	Vasilyeva	8100	Vasilyev
58	Vasileva	8100	Vasilev
59	Pinchuk	8000	
60	Bondareva	7900	Bondarev
61	Semyonova	7800	Semyonov
62	Malinovsky	7800	
63	Boyko	7800	
64	Bogdanova	7700	Bogdanov
65	Petrovsky	7600	
66	Yakovleva	7600	Yakovlev
67	Polyakova	7600	Polyakov
68	Pavlovsky	7500	
69	Shevtsova	7500	Shevtsov
70	Kuzmich	7500	
71	Sadovsky	7400	
72	Melnik	7400	
73	Golubeva	7400	Golubev
74	Korol	7200	
75	Karpova	7200	Karpov
76	Zakharova	7100	Zakharov
77	Matskevich	7100	
78	Sinkevich	7100	
79	Bondar	7100	
80	Pavlovich	7100	
81	Starovoytova	7000	Starovoytov
82	Petrovich	7000	
83	Kazak	6800	
84	Markevich	6800	
85	Borisova	6700	Borisov
86	Borisevich	6700	
87	Sidorova	6700	Sidorov
88	Sidorenko	6700	
89	Yushkevich	6700	
90	Tarasova	6600	Tarasov
91	Solovyova	6600	Solovyov
92	Kovalevich	6600	
93	Korolyova	6600	Korolyov
94	Zayats	6500	
95	Bykova	6500	Bykov
96	Abramovich	6400	
97	Romanenko	6400	
98	Dashkevich	6400	
99	Yankovsky	6300	
100	Yurchenko	6300	