1	Gasperoni	782	
2	Guidi	659	
3	Casadei	451	
4	Giardi	391	
5	Zanotti	389	
6	Ceccoli	334	
7	Zonzini	334	
8	Bollini	331	
9	Fabbri	323	
10	Mularoni	320	
11	Berardi	300	
12	Zafferani	300	
13	Rossi	294	
14	Casali	268	
15	Mazza	265	
16	Pelliccioni	265	
17	Valentini	264	
18	Conti	255	
19	Forcellini	253	
20	Tamagnini	251	
21	Selva	247	
22	Muccioli	240	
23	Terenzi	239	
24	Ugolini	233	
25	Stefanelli	222	
26	Ercolani	219	
27	Biordi	217	
28	Toccaceli	214	
29	Guerra	205	
30	Cecchetti	203	
31	Francioni	202	
32	Benedettini	201	
33	Bernardi	200	
34	Felici	200	
35	Mancini	197	
36	Bacciocchi	194	
37	Santi	193	
38	Raschi	186	
39	Beccari	180	
40	Chiaruzzi	175	
41	Righi	172	
42	Morri	167	
43	Stacchini	166	
44	Carattoni	159	
45	Giancecchi	157	
46	Berti	151	
47	Bianchi	150	
48	Gatti	148	
49	Giovagnoli	147	
50	Podeschi	143	
51	Zavoli	143	
52	Ghiotti	142	
53	Taddei	142	
54	Capicchioni	139	
55	Ciavatta	136	
56	Bugli	131	
57	Sarti	131	
58	Cervellini	130	
59	Maiani	130	
60	Venturini	130	
61	Ciacci	128	
62	Gennari	128	
63	Vannucci	128	
64	Albani	127	
65	Grassi	127	
66	Macina	125	
67	Moretti	125	
68	Riccardi	124	
69	Amici	121	
70	Marani	120	
71	Menicucci	120	
72	Volpinari	119	
73	Frisoni	118	
74	della Valle	114	
75	Battistini	112	
76	Bologna	112	
77	Michelotti	110	
78	Giannini	107	
79	Bartolini	105	
80	Canini	102	
81	Moroni	102	
82	Pazzini	102	
83	Tura	100	
84	Montanari	99	
85	Grandoni	98	
86	Giacobbi	96	
87	Corbelli	95	
88	Mina	95	
89	Bernardini	93	
90	Bucci	92	
91	Angelini	90	
92	Costa	89	
93	Colombini	88	
94	Manzaroli	87	
95	Cesarini	86	
96	Pasolini	86	
97	Tomassini	86	
98	Fiorini	85	
99	Giorgetti	84	
100	Simoncini	84	