team;land;serie
Toyota Gazoo Racing;JPN;Endurance
Virtuosi Racing;GBR;Formel 2
Invicta Racing;GBR;Formel 2
Team Motopark;GER;Formel 2
ART Grand Prix;FRA;Formel 2
Campos Racing;ESP;Formel 2
MP Motorsport;NED;Formel 2
Rodin Motorsport;NZL;Formel 2
AIX Racing;UAE;Formel 2
Trident;ITA;Formel 2
Van Amersfoort Racing;NED;Formel 2
Hitech TGR;GBR;Formel 2
Prema Racing;ITA;Formel 2
DAMS Lucas Oil;FRA;Formel 2
PHM Racing;GER;Formel 2
Jenzer Motorsport;SUI;Formel 3
G4 Racing;SUI;Formula Regional European
Race Performance Motorsport;ITA;Formula Regional European
CL Motorsport;ITA;Formula Regional European
R-ace GP;FRA;Formula Regional European
US Racing;GER;Formula 4 Italian
Apha 54 Racing;ARG;Formula 4 Italian
Real Racing;ROU;Formula 4 Italian
AKM Motorsport;SMR;Formula 4 Italian
AS Motorsport;SLO;Formula 4 Italian
Maffi Racing;SUI;Formula 4 Italian
JHR Developments;GBR;Formula 4 British
Argenti Motorsport;GBR;Formula 4 British
Fortec Motorsport;GBR;Formula 4 British
Xcel Motorsport;UAE;Formula 4 British
Pinnacle Motorsport;IRL;Formula Regional Middle East
Hillspeed;GBR;GB4 Championship
KMR Sport;GBR;GB4 Championship
Douglas Motorsport;GBR;GB4 Championship
Pace Performance;GBR;GB4 Championship
Elite Motorsport;GBR;GB4 Championship
Arden Motorsport;GBR;GB4 Championship
Graham Brunton Racing;GBR;GB4 Championship
ADM;GBR;GB4 Championship
Fox Motorsport;GBR;GB4 Championship
Rossoverde Scorpio Racing;GBR;GB4 Championship
Technorace;ITA;Formula 4 CEZ
JMT Engineering;CZE;Formula 4 CEZ
HunOK Motorsport;HUN;Formula 4 CEZ
Renauer Motorsport;AUT;Formula 4 CEZ
Mathilda Racing;GER;Formula 4 CEZ
PA Racing by AS Motorsport;SLO;Formula 4 CEZ
Janik Motorsport;CZE;Formula 4 CEZ
STEP Motorsport;DEN;Formula 4 CEZ
Scuderia Buell;ARG;Formula 4 CEZ
ABA Racing by SG Motors;ITA;Formula 4 CEZ
Sladecka Motorsport;SVK;Formula 4 CEZ
Zengo Motorsport;HUN;Formula 4 CEZ
Crosslink Motorsports;USA;Formula 4 CEZ
Lamborghini;ITA;Formula 4 CEZ
SMP Racing;RUS;Formula 4 CEZ
Genesis;KOR;Endurance
Porsche;GER;Endurance
BMW;GER;Endurance
Cadillac Hertz Team Jota;USA;Endurance
VRD Racing;USA;GB3 Championship
Nitrous Competitions ADM Racing;GBR;Endurance
Peugeot;FRA;Endurance
Chevrolet;USA;Endurance
Lexus;JPN;Endurance
Proton Competition;GER;Endurance
Team WRT;BEL;Endurance
TF Sport;GBR;Endurance
Iron Lynx;ITA;Endurance
AF Corse;ITA;Endurance
Garage 59;GBR;Endurance
Akkodis ASP Team;FRA;Endurance
Manthey DK Engineering;GER;Endurance
The Bend Manthey;GER;Endurance
Oreca;FRA;Endurance
Acura;JPN;Endurance
Ligier;FRA;Endurance
