Jahr,Runde,Grand Prix ID,Circuit ID,Gemeldet,Pre-Qualy,Qualy,Starter,Differenz Quali und Starter,,,Achtung Monaco 1958 Meldeliste zeigt dass die Daten nicht 100% ausgewertet wurden
1950,1,great-britain,silverstone,21,0,21,21,0,,,27 gemeldet??? es waren 30
1950,2,monaco,monaco,21,0,21,20,1,,,
1950,3,indianapolis,indianapolis,33,0,33,33,0,,,
1950,4,switzerland,bremgarten,18,0,18,18,0,,,
1950,5,belgium,spa-francorchamps,14,0,14,14,0,,,
1950,6,france,reims,19,0,19,19,0,,,
1950,7,italy,monza,27,0,27,27,0,,,
1951,1,switzerland,bremgarten,21,0,21,21,0,,,
1951,2,indianapolis,indianapolis,33,0,33,33,0,,,
1951,3,belgium,spa-francorchamps,13,0,13,13,0,,,
1951,4,france,reims,23,0,23,23,0,,,
1951,5,great-britain,silverstone,20,0,20,20,0,,,
1951,6,germany,nurburgring,22,0,22,22,0,,,
1951,7,italy,monza,22,0,22,22,0,,,
1951,8,spain,pedralbes,20,0,20,20,0,,,
1952,1,switzerland,bremgarten,22,0,22,22,0,,,
1952,2,indianapolis,indianapolis,33,0,33,33,0,,,
1952,3,belgium,spa-francorchamps,22,0,22,22,0,,,
1952,4,france,rouen,20,0,20,20,0,,,
1952,5,great-britain,silverstone,32,0,32,31,1,,,
1952,6,germany,nurburgring,30,0,30,30,0,,,
1952,7,netherlands,zandvoort,18,0,18,18,0,,,
1952,8,italy,monza,35,0,35,24,11,,,
1953,1,argentina,buenos-aires,16,0,16,16,0,,,
1953,2,indianapolis,indianapolis,33,0,33,33,0,,,
1953,3,netherlands,zandvoort,20,0,20,19,1,,,
1953,4,belgium,spa-francorchamps,22,0,22,20,2,,,
1953,5,france,reims,25,0,25,25,0,,,
1953,6,great-britain,silverstone,29,0,29,28,1,,,
1953,7,germany,nurburgring,35,0,35,34,1,,,
1953,8,switzerland,bremgarten,20,0,20,20,0,,,
1953,9,italy,monza,30,0,30,30,0,,,
1954,1,argentina,buenos-aires,18,0,18,18,0,,,
1954,2,indianapolis,indianapolis,33,0,33,33,0,,,
1954,3,belgium,spa-francorchamps,14,0,14,14,0,,,
1954,4,france,reims,21,0,21,21,0,,,
1954,5,great-britain,silverstone,32,0,32,32,0,,,
1954,6,germany,nurburgring,23,0,23,23,0,,,
1954,7,switzerland,bremgarten,17,0,17,16,1,,,
1954,8,italy,monza,21,0,21,20,1,,,
1954,9,spain,pedralbes,21,0,21,21,0,,,
1955,1,argentina,buenos-aires,21,0,21,21,0,,,
1955,2,monaco,monaco,22,0,22,20,2,,,
1955,3,indianapolis,indianapolis,33,0,33,33,0,,,
1955,4,belgium,spa-francorchamps,13,0,13,13,0,,,
1955,5,netherlands,zandvoort,16,0,16,16,0,,,
1955,6,great-britain,aintree,25,0,25,25,0,,,
1955,7,italy,monza,22,0,22,22,0,,,
1956,1,argentina,buenos-aires,13,0,13,13,0,,,
1956,2,monaco,monaco,17,0,17,14,3,,,
1956,3,indianapolis,indianapolis,33,0,33,33,0,,,
1956,4,belgium,spa-francorchamps,16,0,16,15,1,,,
1956,5,france,reims,20,0,20,20,0,,,
1956,6,great-britain,silverstone,28,0,28,28,0,,,
1956,7,germany,nurburgring,22,0,22,21,1,,,
1956,8,italy,monza,25,0,25,24,1,,,
1957,1,argentina,buenos-aires,14,0,14,14,0,,,
1957,2,monaco,monaco,21,0,21,16,5,,,
1957,3,indianapolis,indianapolis,33,0,33,33,0,,,
1957,4,france,rouen,15,0,15,15,0,,,
1957,5,great-britain,aintree,19,0,19,19,0,,,
1957,6,germany,nurburgring,24,0,24,24,0,,,
1957,7,pescara,pescara,16,0,16,16,0,,,
1957,8,italy,monza,18,0,18,18,0,,,
1958,1,argentina,buenos-aires,10,0,10,10,0,,,
1958,2,monaco,monaco,27,0,27,16,11,,,
1958,3,netherlands,zandvoort,17,0,17,17,0,,,
1958,4,indianapolis,indianapolis,33,0,33,33,0,,,
1958,5,belgium,spa-francorchamps,20,0,20,19,1,,,
1958,6,france,reims,21,0,21,21,0,,,
1958,7,great-britain,silverstone,20,0,20,20,0,,,
1958,8,germany,nurburgring,26,0,26,25,1,,,
1958,9,portugal,porto,15,0,15,15,0,,,
1958,10,italy,monza,21,0,21,21,0,,,
1958,11,morocco,ain-diab,25,0,25,25,0,,,
1959,1,monaco,monaco,24,0,24,16,8,,,
1959,2,indianapolis,indianapolis,33,0,33,33,0,,,
1959,3,netherlands,zandvoort,15,0,15,15,0,,,
1959,4,france,reims,21,0,21,21,0,,,
1959,5,great-britain,aintree,30,0,30,24,6,,,
1959,6,germany,avus,15,0,15,15,0,,,
1959,7,portugal,monsanto,16,0,16,16,0,,,
1959,8,italy,monza,21,0,21,21,0,,,
1959,9,united-states,sebring,19,0,19,19,0,,,
1960,1,argentina,buenos-aires,22,0,22,22,0,,,
1960,2,monaco,monaco,25,0,25,16,9,,,
1960,3,indianapolis,indianapolis,33,0,33,33,0,,,
1960,4,netherlands,zandvoort,21,0,21,17,4,,,
1960,5,belgium,spa-francorchamps,19,0,19,17,2,,,
1960,6,france,reims,23,0,23,20,3,,,
1960,7,great-britain,silverstone,25,0,25,24,1,,,
1960,8,portugal,porto,15,0,15,15,0,,,
1960,9,italy,monza,16,0,16,16,0,,,
1960,10,united-states,riverside,23,0,23,23,0,,,
1961,1,monaco,monaco,21,0,21,16,5,,,
1961,2,netherlands,zandvoort,17,0,17,15,2,,,
1961,3,belgium,spa-francorchamps,24,0,24,21,3,,,
1961,4,france,reims,26,0,26,26,0,,,
1961,5,great-britain,aintree,30,0,30,30,0,,,
1961,6,germany,nurburgring,27,0,27,26,1,,,
1961,7,italy,monza,33,0,33,32,1,,,
1961,8,united-states,watkins-glen,19,0,19,19,0,,,
1962,1,netherlands,zandvoort,20,0,20,20,0,,,
1962,2,monaco,monaco,22,0,22,16,6,,,
1962,3,belgium,spa-francorchamps,20,0,20,19,1,,,
1962,4,france,rouen,17,0,17,17,0,,,
1962,5,great-britain,aintree,21,0,21,21,0,,,
1962,6,germany,nurburgring,30,0,30,26,4,,,
1962,7,italy,monza,30,0,30,21,9,,,
1962,8,united-states,watkins-glen,20,0,20,18,2,,,
1962,9,south-africa,east-london,17,0,17,17,0,,,
1963,1,monaco,monaco,17,0,17,15,2,,,
1963,2,belgium,spa-francorchamps,20,0,20,20,0,,,
1963,3,netherlands,zandvoort,19,0,19,19,0,,,
1963,4,france,reims,21,0,21,19,2,,,
1963,5,great-britain,silverstone,23,0,23,23,0,,,
1963,6,germany,nurburgring,26,0,26,22,4,,,
1963,7,italy,monza,28,0,28,20,8,,,
1963,8,united-states,watkins-glen,21,0,21,21,0,,,
1963,9,mexico,mexico-city,21,0,21,21,0,,,
1963,10,south-africa,east-london,21,0,21,20,1,,,
1964,1,monaco,monaco,20,0,20,16,4,,,
1964,2,netherlands,zandvoort,18,0,18,18,0,,,
1964,3,belgium,spa-francorchamps,20,0,20,18,2,,,
1964,4,france,rouen,18,0,18,17,1,,,
1964,5,great-britain,brands-hatch,25,0,25,23,2,,,
1964,6,germany,nurburgring,24,0,24,22,2,,,
1964,7,austria,zeltweg,20,0,20,20,0,,,
1964,8,italy,monza,25,0,25,20,5,,,
1964,9,united-states,watkins-glen,19,0,19,19,0,,,
1964,10,mexico,mexico-city,19,0,19,19,0,,,
1965,1,south-africa,east-london,25,0,25,20,5,,,
1965,2,monaco,monaco,17,0,17,16,1,,,
1965,3,belgium,spa-francorchamps,21,0,21,19,2,,,
1965,4,france,clermont-ferrand,17,0,17,17,0,,,
1965,5,great-britain,silverstone,24,0,24,21,3,,,
1965,6,netherlands,zandvoort,17,0,17,17,0,,,
1965,7,germany,nurburgring,22,0,22,19,3,,,
1965,8,italy,monza,23,0,23,23,0,,,
1965,9,united-states,watkins-glen,18,0,18,18,0,,,
1965,10,mexico,mexico-city,19,0,19,17,2,,,
1966,1,monaco,monaco,17,0,17,16,1,,,
1966,2,belgium,spa-francorchamps,19,0,19,15,4,,,
1966,3,france,reims,18,0,18,17,1,,,
1966,4,great-britain,brands-hatch,20,0,20,20,0,,,
1966,5,netherlands,zandvoort,18,0,18,17,1,,,
1966,6,germany,nurburgring,30,0,30,27,3,,,
1966,7,italy,monza,22,0,22,20,2,,,
1966,8,united-states,watkins-glen,19,0,19,19,0,,,
1966,9,mexico,mexico-city,19,0,19,18,1,,,
1967,1,south-africa,kyalami,18,0,18,18,0,,,
1967,2,monaco,monaco,19,0,19,16,3,,,
1967,3,netherlands,zandvoort,17,0,17,17,0,,,
1967,4,belgium,spa-francorchamps,18,0,18,18,0,,,
1967,5,france,bugatti,15,0,15,15,0,,,
1967,6,great-britain,silverstone,21,0,21,21,0,,,
1967,7,germany,nurburgring,26,0,26,25,1,,,
1967,8,canada,mosport,19,0,19,17,2,,,
1967,9,italy,monza,18,0,18,18,0,,,
1967,10,united-states,watkins-glen,18,0,18,18,0,,,
1967,11,mexico,mexico-city,19,0,19,19,0,,,
1968,1,south-africa,kyalami,23,0,23,23,0,,,
1968,2,spain,jarama,14,0,14,13,1,,,
1968,3,monaco,monaco,18,0,18,16,2,,,
1968,4,belgium,spa-francorchamps,18,0,18,18,0,,,
1968,5,netherlands,zandvoort,19,0,19,19,0,,,
1968,6,france,rouen,18,0,18,17,1,,,
1968,7,great-britain,brands-hatch,20,0,20,20,0,,,
1968,8,germany,nurburgring,21,0,21,20,1,,,
1968,9,italy,monza,24,0,24,20,4,,,
1968,10,canada,mont-tremblant,22,0,22,20,2,,,
1968,11,united-states,watkins-glen,21,0,21,20,1,,,
1968,12,mexico,mexico-city,21,0,21,21,0,,,
1969,1,south-africa,kyalami,18,0,18,18,0,,,
1969,2,spain,montjuic,14,0,14,14,0,,,
1969,3,monaco,monaco,16,0,16,16,0,,,
1969,4,netherlands,zandvoort,15,0,15,15,0,,,
1969,5,france,clermont-ferrand,13,0,13,13,0,,,
1969,6,great-britain,silverstone,17,0,17,17,0,,,
1969,7,germany,nurburgring,26,0,26,22,4,,,
1969,8,italy,monza,16,0,16,15,1,,,
1969,9,canada,mosport,20,0,20,20,0,,,
1969,10,united-states,watkins-glen,18,0,18,18,0,,,
1969,11,mexico,mexico-city,17,0,17,17,0,,,
1970,1,south-africa,kyalami,23,0,23,23,0,,,
1970,2,spain,jarama,22,0,22,17,5,,,
1970,3,monaco,monaco,21,0,21,16,5,,,
1970,4,belgium,spa-francorchamps,18,0,18,17,1,,,
1970,5,netherlands,zandvoort,24,0,24,20,4,,,
1970,6,france,clermont-ferrand,23,0,23,20,3,,,
1970,7,great-britain,brands-hatch,25,0,25,23,2,,,
1970,8,germany,hockenheimring,25,0,25,21,4,,,
1970,9,austria,spielberg,24,0,24,24,0,,,
1970,10,italy,monza,27,0,27,20,7,,,
1970,11,canada,mont-tremblant,20,0,20,20,0,,,
1970,12,united-states,watkins-glen,27,0,27,24,3,,,
1970,13,mexico,mexico-city,18,0,18,18,0,,,
1971,1,south-africa,kyalami,25,0,25,25,0,,,
1971,2,spain,montjuic,22,0,22,22,0,,,
1971,3,monaco,monaco,23,0,23,18,5,,,
1971,4,netherlands,zandvoort,24,0,24,24,0,,,
1971,5,france,paul-ricard,24,0,24,23,1,,,
1971,6,great-britain,silverstone,24,0,24,24,0,,,
1971,7,germany,nurburgring,24,0,24,22,2,,,
1971,8,austria,spielberg,22,0,22,22,0,,,
1971,9,italy,monza,24,0,24,24,0,,,
1971,10,canada,mosport,27,0,27,25,2,,,
1971,11,united-states,watkins-glen,32,0,32,29,3,,,
1972,1,argentina,buenos-aires,22,0,22,22,0,,,
1972,2,south-africa,kyalami,27,0,27,26,1,,,
1972,3,spain,jarama,26,0,26,25,1,,,
1972,4,monaco,monaco,25,0,25,25,0,,,
1972,5,belgium,nivelles,26,0,26,25,1,,,
1972,6,france,clermont-ferrand,29,0,29,24,5,,,
1972,7,great-britain,brands-hatch,27,0,27,26,1,,,
1972,8,germany,nurburgring,27,0,27,27,0,,,
1972,9,austria,spielberg,26,0,26,25,1,,,
1972,10,italy,monza,27,0,27,25,2,,,
1972,11,canada,mosport,25,0,25,24,1,,,
1972,12,united-states,watkins-glen,32,0,32,31,1,,,
1973,1,argentina,buenos-aires,19,0,19,19,0,,,
1973,2,brazil,interlagos,20,0,20,20,0,,,
1973,3,south-africa,kyalami,25,0,25,25,0,,,
1973,4,spain,montjuic,22,0,22,22,0,,,
1973,5,belgium,zolder,23,0,23,23,0,,,
1973,6,monaco,monaco,26,0,26,25,1,,,
1973,7,sweden,anderstorp,22,0,22,21,1,,,
1973,8,france,paul-ricard,25,0,25,25,0,,,
1973,9,great-britain,silverstone,29,0,29,29,0,,,
1973,10,netherlands,zandvoort,24,0,24,24,0,,,
1973,11,germany,nurburgring,23,0,23,22,1,,,
1973,12,austria,spielberg,24,0,24,23,1,,,
1973,13,italy,monza,25,0,25,24,1,,,
1973,14,canada,mosport,26,0,26,26,0,,,
1973,15,united-states,watkins-glen,28,0,28,27,1,,,
1974,1,argentina,buenos-aires,26,0,26,26,0,,,
1974,2,brazil,interlagos,25,0,25,25,0,,,
1974,3,south-africa,kyalami,27,0,27,27,0,,,
1974,4,spain,jarama,28,0,28,25,3,,,
1974,5,belgium,nivelles,32,0,32,31,1,,,
1974,6,monaco,monaco,28,0,28,27,1,,,
1974,7,sweden,anderstorp,28,0,28,26,2,,,
1974,8,netherlands,zandvoort,27,0,27,25,2,,,
1974,9,france,dijon,30,0,30,22,8,,,
1974,10,great-britain,brands-hatch,35,0,35,25,10,,,
1974,11,germany,nurburgring,32,0,32,26,6,,,
1974,12,austria,spielberg,31,0,31,25,6,,,
1974,13,italy,monza,31,0,31,25,6,,,
1974,14,canada,mosport,30,0,30,26,4,,,
1974,15,united-states,watkins-glen,30,0,30,27,3,,,
1975,1,argentina,buenos-aires,23,0,23,23,0,,,
1975,2,brazil,interlagos,23,0,23,23,0,,,
1975,3,south-africa,kyalami,28,0,28,26,2,,,
1975,4,spain,montjuic,26,0,26,25,1,,,
1975,5,monaco,monaco,26,0,26,18,8,,,
1975,6,belgium,zolder,24,0,24,24,0,,,
1975,7,sweden,anderstorp,26,0,26,26,0,,,
1975,8,netherlands,zandvoort,25,0,25,24,1,,,
1975,9,france,paul-ricard,26,0,26,26,0,,,
1975,10,great-britain,silverstone,28,0,28,26,2,,,
1975,11,germany,nurburgring,26,0,26,25,1,,,
1975,12,austria,spielberg,30,0,30,28,2,,,
1975,13,italy,monza,28,0,28,26,2,,,
1975,14,united-states,watkins-glen,24,0,24,24,0,,,
1976,1,brazil,interlagos,22,0,22,22,0,,,
1976,2,south-africa,kyalami,25,0,25,25,0,,,
1976,3,united-states-west,long-beach,27,0,27,20,7,,,
1976,4,spain,jarama,30,0,30,24,6,,,
1976,5,belgium,zolder,29,0,29,26,3,,,
1976,6,monaco,monaco,25,0,25,20,5,,,
1976,7,sweden,anderstorp,27,0,27,26,1,,,
1976,8,france,paul-ricard,30,0,30,27,3,,,
1976,9,great-britain,brands-hatch,30,0,30,26,4,,,
1976,10,germany,nurburgring,28,0,28,26,2,,,
1976,11,austria,spielberg,25,0,25,25,0,,,
1976,12,netherlands,zandvoort,27,0,27,26,1,,,
1976,13,italy,monza,29,0,29,27,2,,,
1976,14,canada,mosport,27,0,27,24,3,,,
1976,15,united-states,watkins-glen,27,0,27,26,1,,,
1976,16,japan,fuji,27,0,27,25,2,,,
1977,1,argentina,buenos-aires,21,0,21,21,0,,,
1977,2,brazil,interlagos,22,0,22,22,0,,,
1977,3,south-africa,kyalami,23,0,23,23,0,,,
1977,4,united-states-west,long-beach,22,0,22,22,0,,,
1977,5,spain,jarama,31,0,31,25,6,,,
1977,6,monaco,monaco,26,0,26,20,6,,,
1977,7,belgium,zolder,32,0,32,27,5,,,
1977,8,sweden,anderstorp,31,0,31,24,7,,,
1977,9,france,dijon,30,0,30,22,8,,,
1977,10,great-britain,silverstone,36,14,30,26,4,,,
1977,11,germany,hockenheimring,30,0,30,25,5,,,
1977,12,austria,spielberg,30,0,30,26,4,,,
1977,13,netherlands,zandvoort,34,0,34,26,8,,,
1977,14,italy,monza,34,0,34,24,10,,,
1977,15,united-states,watkins-glen,27,0,27,26,1,,,
1977,16,canada,mosport,27,0,27,25,2,,,
1977,17,japan,fuji,23,0,23,23,0,,,
1978,1,argentina,buenos-aires,27,0,27,24,3,,,
1978,2,brazil,jacarepagua,28,0,28,24,4,,,
1978,3,south-africa,kyalami,30,0,30,26,4,,,
1978,4,united-states-west,long-beach,30,8,26,22,4,,,
1978,5,monaco,monaco,30,8,24,20,4,,,
1978,6,belgium,zolder,30,7,28,24,4,,,
1978,7,spain,jarama,29,5,28,24,4,,,
1978,8,sweden,anderstorp,27,0,27,24,3,,,
1978,9,france,paul-ricard,29,0,29,26,3,,,
1978,10,great-britain,brands-hatch,30,0,30,26,4,,,
1978,11,germany,hockenheimring,30,5,28,24,4,,,
1978,12,austria,spielberg,30,0,30,26,4,,,
1978,13,netherlands,zandvoort,33,10,30,26,4,,,
1978,14,italy,monza,31,7,28,24,4,,,
1978,15,united-states,watkins-glen,27,0,27,26,1,,,
1978,16,canada,montreal,28,0,28,22,6,,,
1979,1,argentina,buenos-aires,26,0,26,24,2,,,
1979,2,brazil,interlagos,26,0,26,24,2,,,
1979,3,south-africa,kyalami,26,0,26,24,2,,,
1979,4,united-states-west,long-beach,26,0,26,24,2,,,
1979,5,spain,jarama,27,0,27,24,3,,,
1979,6,belgium,zolder,28,0,28,24,4,,,
1979,7,monaco,monaco,25,3,25,20,5,,,
1979,8,france,dijon,27,0,27,24,3,,,
1979,9,great-britain,silverstone,26,0,26,24,2,,,
1979,10,germany,hockenheimring,26,0,26,24,2,,,
1979,11,austria,spielberg,26,0,26,24,2,,,
1979,12,netherlands,zandvoort,26,0,26,24,2,,,
1979,13,italy,monza,28,0,28,24,4,,,
1979,14,canada,montreal,29,0,29,24,5,,,
1979,15,united-states,watkins-glen,30,0,30,24,6,,,
1980,1,argentina,buenos-aires,28,0,28,24,4,,,
1980,2,brazil,interlagos,28,0,28,24,4,,,
1980,3,south-africa,kyalami,28,0,28,24,4,,,
1980,4,united-states-west,long-beach,27,0,27,24,3,,,
1980,5,belgium,zolder,27,0,27,24,3,,,
1980,6,monaco,monaco,27,0,27,20,7,,,
1980,7,france,paul-ricard,27,0,27,24,3,,,
1980,8,great-britain,brands-hatch,27,0,27,24,3,,,
1980,9,germany,hockenheimring,26,0,26,24,2,,,
1980,10,austria,spielberg,26,0,26,24,2,,,
1980,11,netherlands,zandvoort,28,0,28,24,4,,,
1980,12,italy,imola,28,0,28,24,4,,,
1980,13,canada,montreal,28,0,28,24,4,,,
1980,14,united-states,watkins-glen,27,0,27,24,3,,,
1981,1,united-states-west,long-beach,29,0,29,24,5,,,
1981,2,brazil,jacarepagua,30,0,30,24,6,,,
1981,3,argentina,buenos-aires,29,0,29,24,5,,,
1981,4,san-marino,imola,30,0,30,24,6,,,
1981,5,belgium,zolder,31,0,31,24,7,,,
1981,6,monaco,monaco,31,9,26,20,6,,,
1981,7,spain,jarama,30,0,30,24,6,,,
1981,8,france,dijon,29,0,29,23,6,,,
1981,9,great-britain,silverstone,30,0,30,24,6,,,
1981,10,germany,hockenheimring,30,0,30,24,6,,,
1981,11,austria,spielberg,28,0,28,24,4,,,
1981,12,netherlands,zandvoort,30,0,30,25,5,,,
1981,13,italy,monza,30,0,30,24,6,,,
1981,14,canada,montreal,30,0,30,24,6,,,
1981,15,caesars-palace,caesars-palace,30,0,30,24,6,,,
1982,1,south-africa,kyalami,30,0,30,26,4,,,
1982,2,brazil,jacarepagua,30,0,30,26,4,,,
1982,3,united-states-west,long-beach,30,0,30,26,4,,,
1982,4,san-marino,imola,14,0,14,14,0,,,
1982,5,belgium,zolder,30,0,30,26,4,,,
1982,6,monaco,monaco,31,8,26,20,6,,,
1982,7,detroit,detroit,29,0,29,26,3,,,
1982,8,canada,montreal,29,0,29,26,3,,,
1982,9,netherlands,zandvoort,30,0,30,26,4,,,
1982,10,great-britain,brands-hatch,30,0,30,26,4,,,
1982,11,france,paul-ricard,30,0,30,26,4,,,
1982,12,germany,hockenheimring,30,0,30,26,4,,,
1982,13,austria,spielberg,29,0,29,26,3,,,
1982,14,switzerland,dijon,29,0,29,26,3,,,
1982,15,italy,monza,30,0,30,26,4,,,
1982,16,caesars-palace,caesars-palace,30,0,30,26,4,,,
1983,1,brazil,jacarepagua,28,0,28,26,2,,,
1983,2,united-states-west,long-beach,28,0,28,26,2,,,
1983,3,france,paul-ricard,29,0,29,26,3,,,
1983,4,san-marino,imola,28,0,28,26,2,,,
1983,5,monaco,monaco,28,5,26,20,6,,,
1983,6,belgium,spa-francorchamps,28,0,28,26,2,,,
1983,7,detroit,detroit,27,0,27,26,1,,,
1983,8,canada,montreal,28,0,28,26,2,,,
1983,9,great-britain,silverstone,29,0,29,26,3,,,
1983,10,germany,hockenheimring,28,0,28,26,2,,,
1983,11,austria,spielberg,29,0,29,26,3,,,
1983,12,netherlands,zandvoort,29,0,29,26,3,,,
1983,13,italy,monza,29,0,29,26,3,,,
1983,14,europe,brands-hatch,29,0,29,26,3,,,
1983,15,south-africa,kyalami,26,0,26,26,0,,,
1984,1,brazil,jacarepagua,24,0,24,24,0,,,
1984,2,south-africa,kyalami,25,0,25,24,1,,,
1984,3,belgium,zolder,25,0,25,24,1,,,
1984,4,san-marino,imola,26,0,26,24,2,,,
1984,5,france,dijon,25,0,25,24,1,,,
1984,6,monaco,monaco,25,0,25,19,6,,,
1984,7,canada,montreal,24,0,24,24,0,,,
1984,8,detroit,detroit,25,0,25,24,1,,,
1984,9,dallas,dallas,25,0,25,24,1,,,
1984,10,great-britain,brands-hatch,25,0,25,25,0,,,
1984,11,germany,hockenheimring,25,0,25,25,0,,,
1984,12,austria,spielberg,26,0,26,26,0,,,
1984,13,netherlands,zandvoort,25,0,25,25,0,,,
1984,14,italy,monza,27,0,27,26,1,,,
1984,15,europe,nurburgring,26,0,26,26,0,,,
1984,16,portugal,estoril,27,0,27,27,0,,,
1985,1,brazil,jacarepagua,25,0,25,25,0,,,
1985,2,portugal,estoril,26,0,26,26,0,,,
1985,3,san-marino,imola,26,0,26,26,0,,,
1985,4,monaco,monaco,26,0,26,20,6,,,
1985,5,canada,montreal,25,0,25,25,0,,,
1985,6,detroit,detroit,25,0,25,25,0,,,
1985,7,france,paul-ricard,26,0,26,25,1,,,
1985,8,great-britain,silverstone,26,0,26,26,0,,,
1985,9,germany,nurburgring,27,0,27,27,0,,,
1985,10,austria,spielberg,27,0,27,26,1,,,
1985,11,netherlands,zandvoort,27,0,27,26,1,,,
1985,12,italy,monza,26,0,26,26,0,,,
1985,13,belgium,spa-francorchamps,24,0,24,24,0,,,
1985,14,europe,brands-hatch,27,0,27,26,1,,,
1985,15,south-africa,kyalami,21,0,21,20,1,,,
1985,16,australia,adelaide,25,0,25,25,0,,,
1986,1,brazil,jacarepagua,25,0,25,25,0,,,
1986,2,spain,jerez,25,0,25,25,0,,,
1986,3,san-marino,imola,26,0,26,26,0,,,
1986,4,monaco,monaco,26,0,26,20,6,,,
1986,5,belgium,spa-francorchamps,25,0,25,25,0,,,
1986,6,canada,montreal,25,0,25,24,1,,,
1986,7,detroit,detroit,26,0,26,26,0,,,
1986,8,france,paul-ricard,26,0,26,26,0,,,
1986,9,great-britain,brands-hatch,26,0,26,26,0,,,
1986,10,germany,hockenheimring,26,0,26,26,0,,,
1986,11,hungary,hungaroring,26,0,26,26,0,,,
1986,12,austria,spielberg,26,0,26,26,0,,,
1986,13,italy,monza,27,0,27,27,0,,,
1986,14,portugal,estoril,27,0,27,27,0,,,
1986,15,mexico,mexico-city,26,0,26,26,0,,,
1986,16,australia,adelaide,26,0,26,26,0,,,
1987,1,brazil,jacarepagua,23,0,23,23,0,,,
1987,2,san-marino,imola,27,0,27,26,1,,,
1987,3,belgium,spa-francorchamps,26,0,26,26,0,,,
1987,4,monaco,monaco,25,0,25,24,1,,,
1987,5,detroit,detroit,26,0,26,26,0,,,
1987,6,france,paul-ricard,26,0,26,26,0,,,
1987,7,great-britain,silverstone,26,0,26,25,1,,,
1987,8,germany,hockenheimring,26,0,26,26,0,,,
1987,9,hungary,hungaroring,26,0,26,26,0,,,
1987,10,austria,spielberg,26,0,26,26,0,,,
1987,11,italy,monza,28,0,28,26,2,,,
1987,12,portugal,estoril,27,0,27,26,1,,,
1987,13,spain,jerez,28,0,28,26,2,,,
1987,14,mexico,mexico-city,27,0,27,26,1,,,
1987,15,japan,suzuka,27,0,27,26,1,,,
1987,16,australia,adelaide,27,0,27,26,1,,,
1988,1,brazil,jacarepagua,31,5,30,26,4,,,
1988,2,san-marino,imola,30,0,30,26,4,,,
1988,3,monaco,monaco,30,0,30,26,4,,,
1988,4,mexico,mexico-city,31,0,31,26,5,,,
1988,5,canada,montreal,31,5,30,26,4,,,
1988,6,detroit,detroit,31,5,30,26,4,,,
1988,7,france,paul-ricard,31,5,30,26,4,,,
1988,8,great-britain,silverstone,31,5,30,26,4,,,
1988,9,germany,hockenheimring,31,5,30,26,4,,,
1988,10,hungary,hungaroring,31,5,30,26,4,,,
1988,11,belgium,spa-francorchamps,31,5,30,26,4,,,
1988,12,italy,monza,31,5,30,26,4,,,
1988,13,portugal,estoril,31,5,30,26,4,,,
1988,14,spain,jerez,31,5,30,26,4,,,
1988,15,japan,suzuka,31,5,30,26,4,,,
1988,16,australia,adelaide,31,5,30,26,4,,,
1989,1,brazil,jacarepagua,38,13,30,26,4,,,
1989,2,san-marino,imola,39,13,30,26,4,,,
1989,3,monaco,monaco,38,13,29,26,3,,,
1989,4,mexico,mexico-city,39,13,30,26,4,,,
1989,5,united-states,phoenix,39,13,30,26,4,,,
1989,6,canada,montreal,39,13,30,26,4,,,
1989,7,france,paul-ricard,39,13,30,26,4,,,
1989,8,great-britain,silverstone,39,13,30,26,4,,,
1989,9,germany,hockenheimring,39,13,30,26,4,,,
1989,10,hungary,hungaroring,39,13,30,26,4,,,
1989,11,belgium,spa-francorchamps,39,13,30,26,4,,,
1989,12,italy,monza,39,13,30,26,4,,,
1989,13,portugal,estoril,39,13,30,26,4,,,
1989,14,spain,jerez,38,13,29,26,3,,,
1989,15,japan,suzuka,39,13,30,26,4,,,
1989,16,australia,adelaide,39,13,30,26,4,,,
1990,1,united-states,phoenix,33,9,28,26,2,,,
1990,2,brazil,interlagos,35,9,30,26,4,,,
1990,3,san-marino,imola,34,9,29,26,3,,,
1990,4,monaco,monaco,35,9,30,26,4,,,
1990,5,canada,montreal,35,9,30,26,4,,,
1990,6,mexico,mexico-city,35,9,29,26,3,,,
1990,7,france,paul-ricard,35,9,30,26,4,,,
1990,8,great-britain,silverstone,35,9,30,26,4,,,
1990,9,germany,hockenheimring,35,9,30,26,4,,,
1990,10,hungary,hungaroring,35,9,30,26,4,,,
1990,11,belgium,spa-francorchamps,33,7,30,26,4,,,
1990,12,italy,monza,33,7,30,26,4,,,
1990,13,portugal,estoril,33,7,30,25,5,,,
1990,14,spain,jerez,33,7,30,25,5,,,
1990,15,japan,suzuka,30,0,30,25,5,,,
1990,16,australia,adelaide,30,0,30,26,4,,,
1991,1,united-states,phoenix,34,8,30,26,4,,,
1991,2,brazil,interlagos,34,8,30,26,4,,,
1991,3,san-marino,imola,34,8,30,26,4,,,
1991,4,monaco,monaco,33,8,29,26,3,,,
1991,5,canada,montreal,34,8,30,26,4,,,
1991,6,mexico,mexico-city,34,8,30,26,4,,,
1991,7,france,magny-cours,34,8,30,26,4,,,
1991,8,great-britain,silverstone,34,8,30,26,4,,,
1991,9,germany,hockenheimring,34,8,30,26,4,,,
1991,10,hungary,hungaroring,34,8,30,26,4,,,
1991,11,belgium,spa-francorchamps,34,8,30,26,4,,,
1991,12,italy,monza,34,8,30,26,4,,,
1991,13,portugal,estoril,34,8,30,26,4,,,
1991,14,spain,catalunya,33,7,30,26,4,,,
1991,15,japan,suzuka,31,6,29,26,3,,,
1991,16,australia,adelaide,32,6,30,26,4,,,
1992,1,south-africa,kyalami,30,0,30,26,4,,,
1992,2,mexico,mexico-city,30,0,30,26,4,,,
1992,3,brazil,interlagos,31,5,30,26,4,,,
1992,4,spain,catalunya,32,6,30,26,4,,,
1992,5,san-marino,imola,32,6,30,26,4,,,
1992,6,monaco,monaco,32,6,30,26,4,,,
1992,7,canada,montreal,31,5,30,26,4,,,
1992,8,france,magny-cours,30,0,30,26,4,,,
1992,9,great-britain,silverstone,32,6,30,26,4,,,
1992,10,germany,hockenheimring,32,6,30,26,4,,,
1992,11,hungary,hungaroring,31,4,30,26,4,,,
1992,12,belgium,spa-francorchamps,29,0,29,26,3,,,
1992,13,italy,monza,28,0,28,26,2,,,
1992,14,portugal,estoril,26,0,26,26,0,,,
1992,15,japan,suzuka,26,0,26,26,0,,,
1992,16,australia,adelaide,26,0,26,26,0,,,
1993,1,south-africa,kyalami,26,0,26,26,0,,,
1993,2,brazil,interlagos,26,0,26,25,1,,,
1993,3,europe,donington,26,0,26,25,1,,,
1993,4,san-marino,imola,26,0,26,25,1,,,
1993,5,spain,catalunya,26,0,26,25,1,,,
1993,6,monaco,monaco,26,0,26,25,1,,,
1993,7,canada,montreal,26,0,26,25,1,,,
1993,8,france,magny-cours,26,0,26,25,1,,,
1993,9,great-britain,silverstone,26,0,26,25,1,,,
1993,10,germany,hockenheimring,26,0,26,26,0,,,
1993,11,hungary,hungaroring,26,0,26,26,0,,,
1993,12,belgium,spa-francorchamps,25,0,25,25,0,,,
1993,13,italy,monza,26,0,26,26,0,,,
1993,14,portugal,estoril,26,0,26,26,0,,,
1993,15,japan,suzuka,24,0,24,24,0,,,
1993,16,australia,adelaide,24,0,24,24,0,,,
1994,1,brazil,interlagos,27,0,27,26,1,,,
1994,2,pacific,aida,28,0,28,26,2,,,
1994,3,san-marino,imola,28,0,28,25,3,,,
1994,4,monaco,monaco,24,0,24,24,0,,,
1994,5,spain,catalunya,27,0,27,26,1,,,
1994,6,canada,montreal,27,0,27,26,1,,,
1994,7,france,magny-cours,28,0,28,26,2,,,
1994,8,great-britain,silverstone,28,0,28,26,2,,,
1994,9,germany,hockenheimring,28,0,28,26,2,,,
1994,10,hungary,hungaroring,28,0,28,26,2,,,
1994,11,belgium,spa-francorchamps,28,0,28,26,2,,,
1994,12,italy,monza,28,0,28,26,2,,,
1994,13,portugal,estoril,28,0,28,26,2,,,
1994,14,europe,jerez,28,0,28,26,2,,,
1994,15,japan,suzuka,28,0,28,26,2,,,
1994,16,australia,adelaide,28,0,28,26,2,,,
1995,1,brazil,interlagos,26,0,26,26,0,,,
1995,2,argentina,buenos-aires,26,0,26,26,0,,,
1995,3,san-marino,imola,26,0,26,26,0,,,
1995,4,spain,catalunya,26,0,26,26,0,,,
1995,5,monaco,monaco,26,0,26,26,0,,,
1995,6,canada,montreal,24,0,24,24,0,,,
1995,7,france,magny-cours,24,0,24,24,0,,,
1995,8,great-britain,silverstone,24,0,24,24,0,,,
1995,9,germany,hockenheimring,24,0,24,24,0,,,
1995,10,hungary,hungaroring,24,0,24,24,0,,,
1995,11,belgium,spa-francorchamps,24,0,24,24,0,,,
1995,12,italy,monza,24,0,24,24,0,,,
1995,13,portugal,estoril,24,0,24,24,0,,,
1995,14,europe,nurburgring,24,0,24,24,0,,,
1995,15,pacific,aida,24,0,24,24,0,,,
1995,16,japan,suzuka,24,0,24,23,1,,,
1995,17,australia,adelaide,24,0,24,23,1,,,
1996,1,australia,melbourne,22,0,22,20,2,,,
1996,2,brazil,interlagos,22,0,22,22,0,,,
1996,3,argentina,buenos-aires,22,0,22,22,0,,,
1996,4,europe,nurburgring,22,0,22,20,2,,,
1996,5,san-marino,imola,22,0,22,21,1,,,
1996,6,monaco,monaco,22,0,22,22,0,,,
1996,7,spain,catalunya,22,0,22,20,2,,,
1996,8,canada,montreal,22,0,22,22,0,,,
1996,9,france,magny-cours,22,0,22,22,0,,,
1996,10,great-britain,silverstone,22,0,22,20,2,,,
1996,11,germany,hockenheimring,20,0,20,19,1,,,
1996,12,hungary,hungaroring,20,0,20,20,0,,,
1996,13,belgium,spa-francorchamps,20,0,20,19,1,,,
1996,14,italy,monza,20,0,20,20,0,,,
1996,15,portugal,estoril,20,0,20,20,0,,,
1996,16,japan,suzuka,20,0,20,19,1,,,
1997,1,australia,melbourne,24,0,24,22,2,,,
1997,2,brazil,interlagos,22,0,22,22,0,,,
1997,3,argentina,buenos-aires,22,0,22,22,0,,,
1997,4,san-marino,imola,22,0,22,22,0,,,
1997,5,monaco,monaco,22,0,22,22,0,,,
1997,6,spain,catalunya,22,0,22,22,0,,,
1997,7,canada,montreal,22,0,22,22,0,,,
1997,8,france,magny-cours,22,0,22,22,0,,,
1997,9,great-britain,silverstone,22,0,22,22,0,,,
1997,10,germany,hockenheimring,22,0,22,22,0,,,
1997,11,hungary,hungaroring,22,0,22,22,0,,,
1997,12,belgium,spa-francorchamps,22,0,22,22,0,,,
1997,13,italy,monza,22,0,22,22,0,,,
1997,14,austria,spielberg,22,0,22,21,1,,,
1997,15,luxembourg,nurburgring,22,0,22,22,0,,,
1997,16,japan,suzuka,22,0,22,22,0,,,
1997,17,europe,jerez,22,0,22,22,0,,,
1998,1,australia,melbourne,22,0,22,22,0,,,
1998,2,brazil,interlagos,22,0,22,22,0,,,
1998,3,argentina,buenos-aires,22,0,22,22,0,,,
1998,4,san-marino,imola,22,0,22,22,0,,,
1998,5,spain,catalunya,22,0,22,21,1,,,
1998,6,monaco,monaco,22,0,22,21,1,,,
1998,7,canada,montreal,22,0,22,22,0,,,
1998,8,france,magny-cours,22,0,22,22,0,,,
1998,9,great-britain,silverstone,22,0,22,22,0,,,
1998,10,austria,spielberg,22,0,22,22,0,,,
1998,11,germany,hockenheimring,21,0,21,21,0,,,
1998,12,hungary,hungaroring,22,0,22,21,1,,,
1998,13,belgium,spa-francorchamps,22,0,22,22,0,,,
1998,14,italy,monza,22,0,22,22,0,,,
1998,15,luxembourg,nurburgring,22,0,22,22,0,,,
1998,16,japan,suzuka,22,0,22,21,1,,,
1999,1,australia,melbourne,22,0,22,22,0,,,
1999,2,brazil,interlagos,21,0,21,21,0,,,
1999,3,san-marino,imola,22,0,22,22,0,,,
1999,4,monaco,monaco,22,0,22,22,0,,,
1999,5,spain,catalunya,22,0,22,22,0,,,
1999,6,canada,montreal,22,0,22,22,0,,,
1999,7,france,magny-cours,22,0,22,22,0,,,
1999,8,great-britain,silverstone,22,0,22,22,0,,,
1999,9,austria,spielberg,22,0,22,22,0,,,
1999,10,germany,hockenheimring,22,0,22,22,0,,,
1999,11,hungary,hungaroring,22,0,22,22,0,,,
1999,12,belgium,spa-francorchamps,22,0,22,22,0,,,
1999,13,italy,monza,22,0,22,22,0,,,
1999,14,europe,nurburgring,22,0,22,22,0,,,
1999,15,malaysia,sepang,22,0,22,22,0,,,
1999,16,japan,suzuka,22,0,22,22,0,,,
2000,1,australia,melbourne,22,0,22,22,0,,,
2000,2,brazil,interlagos,22,0,22,20,2,,,
2000,3,san-marino,imola,22,0,22,22,0,,,
2000,4,great-britain,silverstone,22,0,22,22,0,,,
2000,5,spain,catalunya,22,0,22,22,0,,,
2000,6,europe,nurburgring,22,0,22,21,1,,,
2000,7,monaco,monaco,22,0,22,22,0,,,
2000,8,canada,montreal,22,0,22,22,0,,,
2000,9,france,magny-cours,22,0,22,22,0,,,
2000,10,austria,spielberg,22,0,22,22,0,,,
2000,11,germany,hockenheimring,22,0,22,22,0,,,
2000,12,hungary,hungaroring,22,0,22,22,0,,,
2000,13,belgium,spa-francorchamps,22,0,22,22,0,,,
2000,14,italy,monza,22,0,22,22,0,,,
2000,15,united-states,indianapolis,22,0,22,22,0,,,
2000,16,japan,suzuka,22,0,22,22,0,,,
2000,17,malaysia,sepang,22,0,22,22,0,,,
2001,1,australia,melbourne,22,0,22,22,0,,,
2001,2,malaysia,sepang,22,0,22,22,0,,,
2001,3,brazil,interlagos,22,0,22,22,0,,,
2001,4,san-marino,imola,22,0,22,22,0,,,
2001,5,spain,catalunya,22,0,22,22,0,,,
2001,6,austria,spielberg,22,0,22,22,0,,,
2001,7,monaco,monaco,22,0,22,22,0,,,
2001,8,canada,montreal,22,0,22,22,0,,,
2001,9,europe,nurburgring,22,0,22,22,0,,,
2001,10,france,magny-cours,22,0,22,22,0,,,
2001,11,great-britain,silverstone,22,0,22,21,1,,,
2001,12,germany,hockenheimring,22,0,22,22,0,,,
2001,13,hungary,hungaroring,22,0,22,22,0,,,
2001,14,belgium,spa-francorchamps,22,0,22,22,0,,,
2001,15,italy,monza,22,0,22,22,0,,,
2001,16,united-states,indianapolis,22,0,22,22,0,,,
2001,17,japan,suzuka,22,0,22,22,0,,,
2002,1,australia,melbourne,22,0,22,22,0,,,
2002,2,malaysia,sepang,22,0,22,22,0,,,
2002,3,brazil,interlagos,22,0,22,22,0,,,
2002,4,san-marino,imola,22,0,22,21,1,,,
2002,5,spain,catalunya,22,0,22,20,2,,,
2002,6,austria,spielberg,22,0,22,22,0,,,
2002,7,monaco,monaco,22,0,22,22,0,,,
2002,8,canada,montreal,22,0,22,22,0,,,
2002,9,europe,nurburgring,22,0,22,22,0,,,
2002,10,great-britain,silverstone,22,0,22,21,1,,,
2002,11,france,magny-cours,21,0,21,19,2,,,
2002,12,germany,hockenheimring,22,0,22,21,1,,,
2002,13,hungary,hungaroring,20,0,20,20,0,,,
2002,14,belgium,spa-francorchamps,20,0,20,20,0,,,
2002,15,italy,monza,20,0,20,20,0,,,
2002,16,united-states,indianapolis,20,0,20,20,0,,,
2002,17,japan,suzuka,20,0,20,19,1,,,
2003,1,australia,melbourne,20,0,20,20,0,,,
2003,2,malaysia,sepang,20,0,20,20,0,,,
2003,3,brazil,interlagos,20,0,20,20,0,,,
2003,4,san-marino,imola,20,0,20,20,0,,,
2003,5,spain,catalunya,20,0,20,20,0,,,
2003,6,austria,spielberg,20,0,20,20,0,,,
2003,7,monaco,monaco,19,0,19,19,0,,,
2003,8,canada,montreal,20,0,20,20,0,,,
2003,9,europe,nurburgring,20,0,20,20,0,,,
2003,10,france,magny-cours,20,0,20,20,0,,,
2003,11,great-britain,silverstone,20,0,20,20,0,,,
2003,12,germany,hockenheimring,20,0,20,20,0,,,
2003,13,hungary,hungaroring,20,0,20,20,0,,,
2003,14,italy,monza,20,0,20,20,0,,,
2003,15,united-states,indianapolis,20,0,20,20,0,,,
2003,16,japan,suzuka,20,0,20,20,0,,,
2004,1,australia,melbourne,20,0,20,20,0,,,
2004,2,malaysia,sepang,20,0,20,20,0,,,
2004,3,bahrain,bahrain,20,0,20,20,0,,,
2004,4,san-marino,imola,20,0,20,20,0,,,
2004,5,spain,catalunya,20,0,20,20,0,,,
2004,6,monaco,monaco,20,0,20,20,0,,,
2004,7,europe,nurburgring,20,0,20,20,0,,,
2004,8,canada,montreal,20,0,20,20,0,,,
2004,9,united-states,indianapolis,20,0,20,20,0,,,
2004,10,france,magny-cours,20,0,20,20,0,,,
2004,11,great-britain,silverstone,20,0,20,20,0,,,
2004,12,germany,hockenheimring,20,0,20,20,0,,,
2004,13,hungary,hungaroring,20,0,20,20,0,,,
2004,14,belgium,spa-francorchamps,20,0,20,20,0,,,
2004,15,italy,monza,20,0,20,20,0,,,
2004,16,china,shanghai,20,0,20,20,0,,,
2004,17,japan,suzuka,20,0,20,20,0,,,
2004,18,brazil,interlagos,20,0,20,20,0,,,
2005,1,australia,melbourne,20,0,20,20,0,,,
2005,2,malaysia,sepang,20,0,20,20,0,,,
2005,3,bahrain,bahrain,20,0,20,20,0,,,
2005,4,san-marino,imola,20,0,20,20,0,,,
2005,5,spain,catalunya,18,0,18,18,0,,,
2005,6,monaco,monaco,18,0,18,18,0,,,
2005,7,europe,nurburgring,20,0,20,20,0,,,
2005,8,canada,montreal,20,0,20,20,0,,,
2005,9,united-states,indianapolis,20,0,20,20,0,,,
2005,10,france,magny-cours,20,0,20,20,0,,,
2005,11,great-britain,silverstone,20,0,20,20,0,,,
2005,12,germany,hockenheimring,20,0,20,20,0,,,
2005,13,hungary,hungaroring,20,0,20,20,0,,,
2005,14,turkey,istanbul,20,0,20,20,0,,,
2005,15,italy,monza,20,0,20,20,0,,,
2005,16,belgium,spa-francorchamps,20,0,20,20,0,,,
2005,17,brazil,interlagos,20,0,20,20,0,,,
2005,18,japan,suzuka,20,0,20,20,0,,,
2005,19,china,shanghai,20,0,20,20,0,,,
2006,1,bahrain,bahrain,22,0,22,22,0,,,
2006,2,malaysia,sepang,22,0,22,22,0,,,
2006,3,australia,melbourne,22,0,22,22,0,,,
2006,4,san-marino,imola,22,0,22,22,0,,,
2006,5,europe,nurburgring,22,0,22,22,0,,,
2006,6,spain,catalunya,22,0,22,22,0,,,
2006,7,monaco,monaco,22,0,22,22,0,,,
2006,8,great-britain,silverstone,22,0,22,22,0,,,
2006,9,canada,montreal,22,0,22,22,0,,,
2006,10,united-states,indianapolis,22,0,22,22,0,,,
2006,11,france,magny-cours,22,0,22,22,0,,,
2006,12,germany,hockenheimring,22,0,22,22,0,,,
2006,13,hungary,hungaroring,22,0,22,22,0,,,
2006,14,turkey,istanbul,22,0,22,22,0,,,
2006,15,italy,monza,22,0,22,22,0,,,
2006,16,china,shanghai,22,0,22,22,0,,,
2006,17,japan,suzuka,22,0,22,22,0,,,
2006,18,brazil,interlagos,22,0,22,22,0,,,
2007,1,australia,melbourne,22,0,22,22,0,,,
2007,2,malaysia,sepang,22,0,22,22,0,,,
2007,3,bahrain,bahrain,22,0,22,22,0,,,
2007,4,spain,catalunya,22,0,22,22,0,,,
2007,5,monaco,monaco,22,0,22,22,0,,,
2007,6,canada,montreal,22,0,22,22,0,,,
2007,7,united-states,indianapolis,22,0,22,22,0,,,
2007,8,france,magny-cours,22,0,22,22,0,,,
2007,9,great-britain,silverstone,22,0,22,22,0,,,
2007,10,europe,nurburgring,22,0,22,22,0,,,
2007,11,hungary,hungaroring,22,0,22,22,0,,,
2007,12,turkey,istanbul,22,0,22,22,0,,,
2007,13,italy,monza,22,0,22,22,0,,,
2007,14,belgium,spa-francorchamps,22,0,22,22,0,,,
2007,15,japan,fuji,22,0,22,22,0,,,
2007,16,china,shanghai,22,0,22,22,0,,,
2007,17,brazil,interlagos,22,0,22,22,0,,,
2008,1,australia,melbourne,22,0,22,22,0,,,
2008,2,malaysia,sepang,22,0,22,22,0,,,
2008,3,bahrain,bahrain,22,0,22,22,0,,,
2008,4,spain,catalunya,22,0,22,22,0,,,
2008,5,turkey,istanbul,20,0,20,20,0,,,
2008,6,monaco,monaco,20,0,20,20,0,,,
2008,7,canada,montreal,20,0,19,20,-1,,,
2008,8,france,magny-cours,20,0,20,20,0,,,
2008,9,great-britain,silverstone,20,0,20,20,0,,,
2008,10,germany,hockenheimring,20,0,20,20,0,,,
2008,11,hungary,hungaroring,20,0,20,20,0,,,
2008,12,europe,valencia,20,0,20,20,0,,,
2008,13,belgium,spa-francorchamps,20,0,20,20,0,,,
2008,14,italy,monza,20,0,20,20,0,,,
2008,15,singapore,marina-bay,20,0,20,20,0,,,
2008,16,japan,fuji,20,0,20,20,0,,,
2008,17,china,shanghai,20,0,20,20,0,,,
2008,18,brazil,interlagos,20,0,20,20,0,,,
2009,1,australia,melbourne,20,0,20,20,0,,,
2009,2,malaysia,sepang,20,0,20,20,0,,,
2009,3,china,shanghai,20,0,20,20,0,,,
2009,4,bahrain,bahrain,20,0,20,20,0,,,
2009,5,spain,catalunya,20,0,20,20,0,,,
2009,6,monaco,monaco,20,0,20,20,0,,,
2009,7,turkey,istanbul,20,0,20,20,0,,,
2009,8,great-britain,silverstone,20,0,20,20,0,,,
2009,9,germany,nurburgring,20,0,20,20,0,,,
2009,10,hungary,hungaroring,20,0,20,19,1,,,
2009,11,europe,valencia,20,0,20,20,0,,,
2009,12,belgium,spa-francorchamps,20,0,20,20,0,,,
2009,13,italy,monza,20,0,20,20,0,,,
2009,14,singapore,marina-bay,20,0,20,20,0,,,
2009,15,japan,suzuka,20,0,19,19,0,,,
2009,16,brazil,interlagos,20,0,20,20,0,,,
2009,17,abu-dhabi,yas-marina,20,0,20,20,0,,,
2010,1,bahrain,bahrain,24,0,24,24,0,,,
2010,2,australia,melbourne,24,0,24,24,0,,,
2010,3,malaysia,sepang,24,0,24,24,0,,,
2010,4,china,shanghai,24,0,24,24,0,,,
2010,5,spain,catalunya,24,0,24,24,0,,,
2010,6,monaco,monaco,24,0,23,24,-1,,,
2010,7,turkey,istanbul,24,0,24,24,0,,,
2010,8,canada,montreal,24,0,24,24,0,,,
2010,9,europe,valencia,24,0,24,24,0,,,
2010,10,great-britain,silverstone,24,0,24,24,0,,,
2010,11,germany,hockenheimring,24,0,24,24,0,,,
2010,12,hungary,hungaroring,24,0,24,24,0,,,
2010,13,belgium,spa-francorchamps,24,0,24,24,0,,,
2010,14,italy,monza,24,0,24,24,0,,,
2010,15,singapore,marina-bay,24,0,24,24,0,,,
2010,16,japan,suzuka,24,0,24,24,0,,,
2010,17,korea,yeongam,24,0,24,24,0,,,
2010,18,brazil,interlagos,24,0,24,24,0,,,
2010,19,abu-dhabi,yas-marina,24,0,24,24,0,,,
2011,1,australia,melbourne,24,0,24,22,2,,,
2011,2,malaysia,sepang,24,0,24,24,0,,,
2011,3,china,shanghai,24,0,24,24,0,,,
2011,4,turkey,istanbul,24,0,24,24,0,,,
2011,5,spain,catalunya,24,0,23,24,-1,,,
2011,6,monaco,monaco,24,0,22,23,-1,,,
2011,7,canada,montreal,24,0,24,24,0,,,
2011,8,europe,valencia,24,0,24,24,0,,,
2011,9,great-britain,silverstone,24,0,24,24,0,,,
2011,10,germany,nurburgring,24,0,24,24,0,,,
2011,11,hungary,hungaroring,24,0,24,24,0,,,
2011,12,belgium,spa-francorchamps,24,0,24,24,0,,,
2011,13,italy,monza,24,0,24,24,0,,,
2011,14,singapore,marina-bay,24,0,24,24,0,,,
2011,15,japan,suzuka,24,0,24,24,0,,,
2011,16,korea,yeongam,24,0,24,24,0,,,
2011,17,india,buddh,24,0,24,24,0,,,
2011,18,abu-dhabi,yas-marina,24,0,23,24,-1,,,
2011,19,brazil,interlagos,24,0,24,24,0,,,
2012,1,australia,melbourne,24,0,24,22,2,,,
2012,2,malaysia,sepang,24,0,24,24,0,,,
2012,3,china,shanghai,24,0,24,24,0,,,
2012,4,bahrain,bahrain,24,0,24,24,0,,,
2012,5,spain,catalunya,24,0,24,24,0,,,
2012,6,monaco,monaco,24,0,24,24,0,,,
2012,7,canada,montreal,24,0,24,24,0,,,
2012,8,europe,valencia,23,0,23,23,0,,,
2012,9,great-britain,silverstone,24,0,24,24,0,,,
2012,10,germany,hockenheimring,24,0,24,24,0,,,
2012,11,hungary,hungaroring,24,0,24,24,0,,,
2012,12,belgium,spa-francorchamps,24,0,24,24,0,,,
2012,13,italy,monza,24,0,24,24,0,,,
2012,14,singapore,marina-bay,24,0,24,24,0,,,
2012,15,japan,suzuka,24,0,24,24,0,,,
2012,16,korea,yeongam,24,0,24,24,0,,,
2012,17,india,buddh,24,0,24,24,0,,,
2012,18,abu-dhabi,yas-marina,24,0,24,24,0,,,
2012,19,united-states,austin,24,0,24,24,0,,,
2012,20,brazil,interlagos,24,0,24,24,0,,,
2013,1,australia,melbourne,22,0,22,22,0,,,
2013,2,malaysia,sepang,22,0,22,22,0,,,
2013,3,china,shanghai,22,0,22,22,0,,,
2013,4,bahrain,bahrain,22,0,22,22,0,,,
2013,5,spain,catalunya,22,0,22,22,0,,,
2013,6,monaco,monaco,22,0,22,22,0,,,
2013,7,canada,montreal,22,0,22,22,0,,,
2013,8,great-britain,silverstone,22,0,22,22,0,,,
2013,9,germany,nurburgring,22,0,22,22,0,,,
2013,10,hungary,hungaroring,22,0,22,22,0,,,
2013,11,belgium,spa-francorchamps,22,0,22,22,0,,,
2013,12,italy,monza,22,0,22,22,0,,,
2013,13,singapore,marina-bay,22,0,22,22,0,,,
2013,14,korea,yeongam,22,0,22,22,0,,,
2013,15,japan,suzuka,22,0,22,22,0,,,
2013,16,india,buddh,22,0,22,22,0,,,
2013,17,abu-dhabi,yas-marina,22,0,22,22,0,,,
2013,18,united-states,austin,22,0,22,22,0,,,
2013,19,brazil,interlagos,22,0,22,22,0,,,
2014,1,australia,melbourne,22,0,22,22,0,,,
2014,2,malaysia,sepang,22,0,22,22,0,,,
2014,3,bahrain,bahrain,22,0,22,22,0,,,
2014,4,china,shanghai,22,0,22,22,0,,,
2014,5,spain,catalunya,22,0,22,22,0,,,
2014,6,monaco,monaco,22,0,22,22,0,,,
2014,7,canada,montreal,22,0,22,22,0,,,
2014,8,austria,spielberg,22,0,22,22,0,,,
2014,9,great-britain,silverstone,22,0,22,22,0,,,
2014,10,germany,hockenheimring,22,0,22,22,0,,,
2014,11,hungary,hungaroring,22,0,22,22,0,,,
2014,12,belgium,spa-francorchamps,22,0,22,22,0,,,
2014,13,italy,monza,22,0,22,22,0,,,
2014,14,singapore,marina-bay,22,0,22,22,0,,,
2014,15,japan,suzuka,22,0,22,22,0,,,
2014,16,russia,sochi,21,0,21,21,0,,,
2014,17,united-states,austin,18,0,18,18,0,,,
2014,18,brazil,interlagos,18,0,18,18,0,,,
2014,19,abu-dhabi,yas-marina,20,0,20,20,0,,,
2015,1,australia,melbourne,18,0,18,17,1,,,
2015,2,malaysia,sepang,20,0,20,20,0,,,
2015,3,china,shanghai,20,0,20,20,0,,,
2015,4,bahrain,bahrain,20,0,20,20,0,,,
2015,5,spain,catalunya,20,0,20,20,0,,,
2015,6,monaco,monaco,20,0,20,20,0,,,
2015,7,canada,montreal,20,0,20,20,0,,,
2015,8,austria,spielberg,20,0,20,20,0,,,
2015,9,great-britain,silverstone,20,0,20,20,0,,,
2015,10,hungary,hungaroring,20,0,20,20,0,,,
2015,11,belgium,spa-francorchamps,20,0,20,20,0,,,
2015,12,italy,monza,20,0,20,20,0,,,
2015,13,singapore,marina-bay,20,0,20,20,0,,,
2015,14,japan,suzuka,20,0,20,20,0,,,
2015,15,russia,sochi,20,0,20,20,0,,,
2015,16,united-states,austin,20,0,20,20,0,,,
2015,17,mexico,mexico-city,20,0,20,20,0,,,
2015,18,brazil,interlagos,20,0,20,20,0,,,
2015,19,abu-dhabi,yas-marina,20,0,20,20,0,,,
2016,1,australia,melbourne,22,0,22,22,0,,,
2016,2,bahrain,bahrain,22,0,22,22,0,,,
2016,3,china,shanghai,22,0,22,22,0,,,
2016,4,russia,sochi,22,0,22,22,0,,,
2016,5,spain,catalunya,22,0,22,22,0,,,
2016,6,monaco,monaco,22,0,22,22,0,,,
2016,7,canada,montreal,22,0,22,22,0,,,
2016,8,europe,baku,22,0,22,22,0,,,
2016,9,austria,spielberg,22,0,22,22,0,,,
2016,10,great-britain,silverstone,22,0,22,22,0,,,
2016,11,hungary,hungaroring,22,0,22,22,0,,,
2016,12,germany,hockenheimring,22,0,22,22,0,,,
2016,13,belgium,spa-francorchamps,22,0,22,22,0,,,
2016,14,italy,monza,22,0,22,22,0,,,
2016,15,singapore,marina-bay,22,0,22,22,0,,,
2016,16,malaysia,sepang,22,0,22,22,0,,,
2016,17,japan,suzuka,22,0,22,22,0,,,
2016,18,united-states,austin,22,0,22,22,0,,,
2016,19,mexico,mexico-city,22,0,22,22,0,,,
2016,20,brazil,interlagos,22,0,22,22,0,,,
2016,21,abu-dhabi,yas-marina,22,0,22,22,0,,,
2017,1,australia,melbourne,20,0,20,20,0,,,
2017,2,china,shanghai,20,0,20,20,0,,,
2017,3,bahrain,bahrain,20,0,20,20,0,,,
2017,4,russia,sochi,20,0,20,20,0,,,
2017,5,spain,catalunya,20,0,20,20,0,,,
2017,6,monaco,monaco,20,0,20,20,0,,,
2017,7,canada,montreal,20,0,20,20,0,,,
2017,8,azerbaijan,baku,20,0,20,20,0,,,
2017,9,austria,spielberg,20,0,20,20,0,,,
2017,10,great-britain,silverstone,20,0,20,20,0,,,
2017,11,hungary,hungaroring,20,0,20,20,0,,,
2017,12,belgium,spa-francorchamps,20,0,20,20,0,,,
2017,13,italy,monza,20,0,20,20,0,,,
2017,14,singapore,marina-bay,20,0,20,20,0,,,
2017,15,malaysia,sepang,20,0,20,20,0,,,
2017,16,japan,suzuka,20,0,20,20,0,,,
2017,17,united-states,austin,20,0,20,20,0,,,
2017,18,mexico,mexico-city,20,0,20,20,0,,,
2017,19,brazil,interlagos,20,0,20,20,0,,,
2017,20,abu-dhabi,yas-marina,20,0,20,20,0,,,
2018,1,australia,melbourne,20,0,20,20,0,,,
2018,2,bahrain,bahrain,20,0,20,20,0,,,
2018,3,china,shanghai,20,0,20,20,0,,,
2018,4,azerbaijan,baku,20,0,20,20,0,,,
2018,5,spain,catalunya,20,0,19,20,-1,,,
2018,6,monaco,monaco,20,0,19,20,-1,,,
2018,7,canada,montreal,20,0,19,20,-1,,,
2018,8,france,paul-ricard,20,0,20,20,0,,,
2018,9,austria,spielberg,20,0,20,20,0,,,
2018,10,great-britain,silverstone,20,0,19,20,-1,,,
2018,11,germany,hockenheimring,20,0,20,20,0,,,
2018,12,hungary,hungaroring,20,0,20,20,0,,,
2018,13,belgium,spa-francorchamps,20,0,20,20,0,,,
2018,14,italy,monza,20,0,20,20,0,,,
2018,15,singapore,marina-bay,20,0,20,20,0,,,
2018,16,russia,sochi,20,0,20,20,0,,,
2018,17,japan,suzuka,20,0,20,20,0,,,
2018,18,united-states,austin,20,0,20,20,0,,,
2018,19,mexico,mexico-city,20,0,20,20,0,,,
2018,20,brazil,interlagos,20,0,20,20,0,,,
2018,21,abu-dhabi,yas-marina,20,0,20,20,0,,,
2019,1,australia,melbourne,20,0,20,20,0,,,
2019,2,bahrain,bahrain,20,0,20,20,0,,,
2019,3,china,shanghai,20,0,19,20,-1,,,
2019,4,azerbaijan,baku,20,0,20,20,0,,,
2019,5,spain,catalunya,20,0,20,20,0,,,
2019,6,monaco,monaco,20,0,20,20,0,,,
2019,7,canada,montreal,20,0,20,20,0,,,
2019,8,france,paul-ricard,20,0,20,20,0,,,
2019,9,austria,spielberg,20,0,20,20,0,,,
2019,10,great-britain,silverstone,20,0,20,20,0,,,
2019,11,germany,hockenheimring,20,0,20,20,0,,,
2019,12,hungary,hungaroring,20,0,20,20,0,,,
2019,13,belgium,spa-francorchamps,20,0,20,20,0,,,
2019,14,italy,monza,20,0,20,20,0,,,
2019,15,singapore,marina-bay,20,0,20,20,0,,,
2019,16,russia,sochi,20,0,20,20,0,,,
2019,17,japan,suzuka,20,0,20,20,0,,,
2019,18,mexico,mexico-city,20,0,20,20,0,,,
2019,19,united-states,austin,20,0,20,20,0,,,
2019,20,brazil,interlagos,20,0,20,20,0,,,
2019,21,abu-dhabi,yas-marina,20,0,20,20,0,,,
2020,1,austria,spielberg,20,0,20,20,0,,,
2020,2,styria,spielberg,20,0,20,20,0,,,
2020,3,hungary,hungaroring,20,0,20,20,0,,,
2020,4,great-britain,silverstone,20,0,20,20,0,,,
2020,5,70th-anniversary,silverstone,20,0,20,20,0,,,
2020,6,spain,catalunya,20,0,20,20,0,,,
2020,7,belgium,spa-francorchamps,20,0,20,20,0,,,
2020,8,italy,monza,20,0,20,20,0,,,
2020,9,tuscany,mugello,20,0,20,20,0,,,
2020,10,russia,sochi,20,0,20,20,0,,,
2020,11,eifel,nurburgring,20,0,20,20,0,,,
2020,12,portugal,portimao,20,0,20,20,0,,,
2020,13,emilia-romagna,imola,20,0,20,20,0,,,
2020,14,turkey,istanbul,20,0,20,20,0,,,
2020,15,bahrain,bahrain,20,0,20,20,0,,,
2020,16,sakhir,bahrain,20,0,20,20,0,,,
2020,17,abu-dhabi,yas-marina,20,0,20,20,0,,,
2021,1,bahrain,bahrain,20,0,20,20,0,,,
2021,2,emilia-romagna,imola,20,0,20,20,0,,,
2021,3,portugal,portimao,20,0,20,20,0,,,
2021,4,spain,catalunya,20,0,20,20,0,,,
2021,5,monaco,monaco,20,0,19,20,-1,,,
2021,6,azerbaijan,baku,20,0,20,20,0,,,
2021,7,france,paul-ricard,20,0,20,20,0,,,
2021,8,styria,spielberg,20,0,20,20,0,,,
2021,9,austria,spielberg,20,0,20,20,0,,,
2021,10,great-britain,silverstone,20,0,20,20,0,,,
2021,11,hungary,hungaroring,20,0,19,20,-1,,,
2021,12,belgium,spa-francorchamps,20,0,20,20,0,,,
2021,13,netherlands,zandvoort,20,0,20,20,0,,,
2021,14,italy,monza,20,0,20,20,0,,,
2021,15,russia,sochi,20,0,20,20,0,,,
2021,16,turkey,istanbul,20,0,20,20,0,,,
2021,17,united-states,austin,20,0,20,20,0,,,
2021,18,mexico,mexico-city,20,0,20,20,0,,,
2021,19,sao-paulo,interlagos,20,0,20,20,0,,,
2021,20,qatar,lusail,20,0,20,20,0,,,
2021,21,saudi-arabia,jeddah,20,0,20,20,0,,,
2021,22,abu-dhabi,yas-marina,20,0,20,19,1,,,
2022,1,bahrain,bahrain,20,0,20,20,0,,,
2022,2,saudi-arabia,jeddah,20,0,20,19,1,,,
2022,3,australia,melbourne,20,0,20,20,0,,,
2022,4,emilia-romagna,imola,20,0,20,20,0,,,
2022,5,miami,miami,20,0,19,20,-1,,,
2022,6,spain,catalunya,20,0,20,20,0,,,
2022,7,monaco,monaco,20,0,20,20,0,,,
2022,8,azerbaijan,baku,20,0,20,20,0,,,
2022,9,canada,montreal,20,0,20,20,0,,,
2022,10,great-britain,silverstone,20,0,20,20,0,,,
2022,11,austria,spielberg,20,0,20,20,0,,,
2022,12,france,paul-ricard,20,0,20,20,0,,,
2022,13,hungary,hungaroring,20,0,20,20,0,,,
2022,14,belgium,spa-francorchamps,20,0,20,20,0,,,
2022,15,netherlands,zandvoort,20,0,20,20,0,,,
2022,16,italy,monza,20,0,20,20,0,,,
2022,17,singapore,marina-bay,20,0,20,20,0,,,
2022,18,japan,suzuka,20,0,20,20,0,,,
2022,19,united-states,austin,20,0,20,20,0,,,
2022,20,mexico,mexico-city,20,0,20,20,0,,,
2022,21,sao-paulo,interlagos,20,0,20,20,0,,,
2022,22,abu-dhabi,yas-marina,20,0,20,20,0,,,
2023,1,bahrain,bahrain,20,0,20,20,0,,,
2023,2,saudi-arabia,jeddah,20,0,20,20,0,,,
2023,3,australia,melbourne,20,0,20,20,0,,,
2023,4,azerbaijan,baku,20,0,20,20,0,,,
2023,5,miami,miami,20,0,20,20,0,,,
2023,6,monaco,monaco,20,0,20,20,0,,,
2023,7,spain,catalunya,20,0,20,20,0,,,
2023,8,canada,montreal,20,0,20,20,0,,,
2023,9,austria,spielberg,20,0,20,20,0,,,
2023,10,great-britain,silverstone,20,0,20,20,0,,,
2023,11,hungary,hungaroring,20,0,20,20,0,,,
2023,12,belgium,spa-francorchamps,20,0,20,20,0,,,
2023,13,netherlands,zandvoort,20,0,20,20,0,,,
2023,14,italy,monza,20,0,20,20,0,,,
2023,15,singapore,marina-bay,20,0,20,19,1,,,
2023,16,japan,suzuka,20,0,20,20,0,,,
2023,17,qatar,lusail,20,0,20,20,0,,,
2023,18,united-states,austin,20,0,20,20,0,,,
2023,19,mexico,mexico-city,20,0,20,20,0,,,
2023,20,sao-paulo,interlagos,20,0,20,20,0,,,
2023,21,las-vegas,las-vegas,20,0,20,20,0,,,
2023,22,abu-dhabi,yas-marina,20,0,20,20,0,,,
2024,1,bahrain,bahrain,20,0,20,20,0,,,
2024,2,saudi-arabia,jeddah,20,0,20,20,0,,,
2024,3,australia,melbourne,19,0,19,19,0,,,
2024,4,japan,suzuka,20,0,20,20,0,,,
2024,5,china,shanghai,20,0,20,20,0,,,
2024,6,miami,miami,20,0,20,20,0,,,
2024,7,emilia-romagna,imola,20,0,20,20,0,,,
2024,8,monaco,monaco,20,0,20,20,0,,,
2024,9,canada,montreal,20,0,20,20,0,,,
2024,10,spain,catalunya,20,0,20,20,0,,,
2024,11,austria,spielberg,20,0,20,20,0,,,
2024,12,great-britain,silverstone,20,0,20,20,0,,,
2024,13,hungary,hungaroring,20,0,20,20,0,,,
2024,14,belgium,spa-francorchamps,20,0,20,20,0,,,
2024,15,netherlands,zandvoort,20,0,19,20,-1,,,
2024,16,italy,monza,20,0,20,20,0,,,
2024,17,azerbaijan,baku,20,0,20,20,0,,,
2024,18,singapore,marina-bay,20,0,20,20,0,,,
2024,19,united-states,austin,20,0,20,20,0,,,
2024,20,mexico,mexico-city,20,0,20,20,0,,,
2024,21,sao-paulo,interlagos,20,0,20,20,0,,,
2024,22,las-vegas,las-vegas,20,0,20,20,0,,,
2024,23,qatar,lusail,20,0,20,20,0,,,
2024,24,abu-dhabi,yas-marina,20,0,20,20,0,,,
2025,1,australia,melbourne,20,0,20,20,0,,,
2025,2,china,shanghai,20,0,20,20,0,,,
2025,3,japan,suzuka,20,0,20,20,0,,,
2025,4,bahrain,bahrain,20,0,20,20,0,,,
2025,5,saudi-arabia,jeddah,20,0,20,20,0,,,
2025,6,miami,miami,20,0,20,20,0,,,
2025,7,emilia-romagna,imola,20,0,20,20,0,,,
2025,8,monaco,monaco,20,0,20,20,0,,,
2025,9,spain,catalunya,20,0,20,20,0,,,
2025,10,canada,montreal,20,0,20,20,0,,,
2025,11,austria,spielberg,20,0,20,20,0,,,
2025,12,great-britain,silverstone,20,0,20,20,0,,,
2025,13,belgium,spa-francorchamps,20,0,20,20,0,,,
2025,14,hungary,hungaroring,20,0,20,20,0,,,
2025,15,netherlands,zandvoort,20,0,20,20,0,,,
2025,16,italy,monza,20,0,20,20,0,,,
2025,17,azerbaijan,baku,20,0,20,20,0,,,
2025,18,singapore,marina-bay,20,0,20,20,0,,,
2025,19,united-states,austin,20,0,20,20,0,,,
2025,20,mexico,mexico-city,20,0,20,20,0,,,
2025,21,sao-paulo,interlagos,20,0,19,20,-1,,,
2025,22,las-vegas,las-vegas,20,0,20,20,0,,,
2025,23,qatar,lusail,20,0,20,20,0,,,
2025,24,abu-dhabi,yas-marina,20,0,20,20,0,,,
,,,,,,,,,,,
,,,,,,,,,,,
DURCHSCHNITTE PRO SAISON,,,,,,,,,,,
Jahr,Rennen,Ø Gemeldet,Ø Pre-Qualy,Ø Qualy,Ø Starter,Ø Differenz,,,,,
1950,7,"21,86","0,00","21,86","21,71","0,14",,,,,
1951,8,"21,75","0,00","21,75","21,75","0,00",,,,,
1952,8,"26,50","0,00","26,50","25,00","1,50",,,,,
1953,9,"25,56","0,00","25,56","25,00","0,56",,,,,
1954,9,"22,22","0,00","22,22","22,00","0,22",,,,,
1955,7,"21,71","0,00","21,71","21,43","0,29",,,,,
1956,8,"21,75","0,00","21,75","21,00","0,75",,,,,
1957,8,"20,00","0,00","20,00","19,38","0,63",,,,,
1958,11,"21,36","0,00","21,36","20,18","1,18",,,,,
1959,9,"21,56","0,00","21,56","20,00","1,56",,,,,
1960,10,"22,20","0,00","22,20","20,30","1,90",,,,,
1961,8,"24,63","0,00","24,63","23,13","1,50",,,,,
1962,9,"21,89","0,00","21,89","19,44","2,44",,,,,
1963,10,"21,70","0,00","21,70","20,00","1,70",,,,,
1964,10,"20,80","0,00","20,80","19,20","1,60",,,,,
1965,10,"20,30","0,00","20,30","18,70","1,60",,,,,
1966,9,"20,22","0,00","20,22","18,78","1,44",,,,,
1967,11,"18,91","0,00","18,91","18,36","0,55",,,,,
1968,12,"19,92","0,00","19,92","18,92","1,00",,,,,
1969,11,"17,27","0,00","17,27","16,82","0,45",,,,,
1970,13,"22,85","0,00","22,85","20,23","2,62",,,,,
1971,11,"24,64","0,00","24,64","23,45","1,18",,,,,
1972,12,"26,58","0,00","26,58","25,42","1,17",,,,,
1973,15,"24,07","0,00","24,07","23,67","0,40",,,,,
1974,15,"29,33","0,00","29,33","25,87","3,47",,,,,
1975,14,"25,93","0,00","25,93","24,57","1,36",,,,,
1976,16,"27,19","0,00","27,19","24,69","2,50",,,,,
1977,17,"28,18","0,82","27,82","23,94","3,88",,,,,
1978,16,"29,31","3,13","28,00","24,25","3,75",,,,,
1979,15,"26,80","0,20","26,80","23,73","3,07",,,,,
1980,14,"27,29","0,00","27,29","23,71","3,57",,,,,
1981,15,"29,80","0,60","29,47","23,73","5,73",,,,,
1982,16,"28,81","0,50","28,50","24,88","3,63",,,,,
1983,15,"28,20","0,33","28,07","25,60","2,47",,,,,
1984,16,"25,31","0,00","25,31","24,44","0,88",,,,,
1985,16,"25,56","0,00","25,56","24,88","0,69",,,,,
1986,16,"25,88","0,00","25,88","25,44","0,44",,,,,
1987,16,"26,31","0,00","26,31","25,63","0,69",,,,,
1988,16,"30,88","4,06","30,06","26,00","4,06",,,,,
1989,16,"38,81","13,00","29,88","26,00","3,88",,,,,
1990,16,"33,69","7,38","29,75","25,81","3,94",,,,,
1991,16,"33,56","7,69","29,88","26,00","3,88",,,,,
1992,16,"29,88","2,75","29,06","26,00","3,06",,,,,
1993,16,"25,69","0,00","25,69","25,19","0,50",,,,,
1994,16,"27,56","0,00","27,56","25,81","1,75",,,,,
1995,17,"24,59","0,00","24,59","24,47","0,12",,,,,
1996,16,"21,25","0,00","21,25","20,50","0,75",,,,,
1997,17,"22,12","0,00","22,12","21,94","0,18",,,,,
1998,16,"21,94","0,00","21,94","21,69","0,25",,,,,
1999,16,"21,94","0,00","21,94","21,94","0,00",,,,,
2000,17,"22,00","0,00","22,00","21,82","0,18",,,,,
2001,17,"22,00","0,00","22,00","21,94","0,06",,,,,
2002,17,"21,35","0,00","21,35","20,88","0,47",,,,,
2003,16,"19,94","0,00","19,94","19,94","0,00",,,,,
2004,18,"20,00","0,00","20,00","20,00","0,00",,,,,
2005,19,"19,79","0,00","19,79","19,79","0,00",,,,,
2006,18,"22,00","0,00","22,00","22,00","0,00",,,,,
2007,17,"22,00","0,00","22,00","22,00","0,00",,,,,
2008,18,"20,44","0,00","20,39","20,44","-0,06",,,,,
2009,17,"20,00","0,00","19,94","19,88","0,06",,,,,
2010,19,"24,00","0,00","23,95","24,00","-0,05",,,,,
2011,19,"24,00","0,00","23,79","23,84","-0,05",,,,,
2012,20,"23,95","0,00","23,95","23,85","0,10",,,,,
2013,19,"22,00","0,00","22,00","22,00","0,00",,,,,
2014,19,"21,42","0,00","21,42","21,42","0,00",,,,,
2015,19,"19,89","0,00","19,89","19,84","0,05",,,,,
2016,21,"22,00","0,00","22,00","22,00","0,00",,,,,
2017,20,"20,00","0,00","20,00","20,00","0,00",,,,,
2018,21,"20,00","0,00","19,81","20,00","-0,19",,,,,
2019,21,"20,00","0,00","19,95","20,00","-0,05",,,,,
2020,17,"20,00","0,00","20,00","20,00","0,00",,,,,
2021,22,"20,00","0,00","19,91","19,95","-0,05",,,,,
2022,22,"20,00","0,00","19,95","19,95","0,00",,,,,
2023,22,"20,00","0,00","20,00","19,95","0,05",,,,,
2024,24,"19,96","0,00","19,92","19,96","-0,04",,,,,
2025,24,"20,00","0,00","19,96","20,00","-0,04",,,,,