country,name,count
AL,"Ilir",2287
AL,"Arben",2033
AL,"Andi",1827
AL,"Altin",1766
AL,"Gezim",1637
AL,"Denis",1486
AL,"Klajdi",1473
AL,"Ervin",1461
AL,"Agim",1383
AL,"Fatmir",1342
AL,"Ardit",1324
AL,"Alban",1303
AL,"Elton",1299
AL,"Sokol",1242
AL,"Endri",1240
AL,"Dritan",1227
AL,"Eri",1203
AL,"Artan",1187
AL,"Fatjon",1186
AL,"Agron",1174
AL,"Ervis",1169
AL,"Besnik",1159
AL,"Edi",1132
AL,"Arjan",1121
AL,"Ermal",1121
AL,"Mario",1121
AL,"Artur",1121
AL,"Astrit",1114
AL,"Kujtim",1070
AL,"Erjon",1056
AL,"Petrit",1053
AL,"Miri",1014
AL,"Luan",992
AL,"Bledi",990
AL,"Edmond",956
AL,"Kristi",954
AL,"Genti",953
AL,"Albert",943
AL,"Ylli",934
AL,"Leonard",917
AL,"Eduart",898
AL,"Bujar",897
AL,"Alfred",891
AL,"Aldo",868
AL,"Armando",861
AL,"Shpetim",828
AL,"Flori",821
AL,"Bashkim",811
AL,"Albi",809
AL,"Erion",804
AL,"Saimir",798
AL,"Toni",795
AL,"Bledar",786
AL,"Amarildo",785
AL,"Ardian",780
AL,"Adi",766
AL,"Indrit",756
AL,"Erald",747
AL,"Elvis",747
AL,"Klevis",744
AL,"Ani",729
AL,"Enea",717
AL,"Gentian",704
AL,"Shkelqim",698
AL,"Edison",687
AL,"Jurgen",685
AL,"Renato",679
AL,"Roland",674
AL,"Daniel",672
AL,"Aurel",671
AL,"Olsi",670
AL,"Mariglen",665
AL,"Ali",663
AL,"Leo",660
AL,"Armand",656
AL,"Flamur",633
AL,"Arber",632
AL,"Klodian",620
AL,"Fatos",619
AL,"Tani",609
AL,"Emiljano",608
AL,"Klodi",602
AL,"Andrea",598
AL,"Igli",597
AL,"Skender",596
AL,"Fredi",591
AL,"Landi",588
AL,"Geri",585
AL,"Aleksander",585
AL,"Redi",584
AL,"Kastriot",582
AL,"Aleks",582
AL,"Gerti",581
AL,"Mateo",568
AL,"Afrim",564
AL,"Julian",561
AL,"Lulzim",548
AL,"Mondi",545
AL,"Genci",545
AL,"Pellumb",544
AL,"Florian",541
AL,"Blerim",533
AL,"Gjergji",526
AL,"Lorenc",519
AL,"Marsel",508
AL,"Viktor",505
AL,"Mikel",496
AL,"Arlind",495
AL,"Sajmir",494
AL,"Besmir",492
AL,"Joni",491
AL,"Taulant",486
AL,"Martin",481
AL,"Perparim",474
AL,"Ergys",473
AL,"Robert",472
AL,"Niko",467
AL,"Besi",462
AL,"Vladimir",461
AL,"Geni",459
AL,"Adrian",458
AL,"Beni",447
AL,"Kevin",438
AL,"Jani",434
AL,"Donald",429
AL,"Hasan",429
AL,"Ladi",427
AL,"Eni",426
AL,"Naim",426
AL,"Rei",421
AL,"Ledio",419
AL,"Aldi",415
AL,"Ergi",411
AL,"Ermir",409
AL,"Adriatik",408
AL,"Ardi",399
AL,"Gjergj",399
AL,"Olti",392
AL,"Mark",391
AL,"Gentjan",389
AL,"Marjo",388
AL,"Sami",386
AL,"Berti",384
AL,"Dorian",384
AL,"Zef",382
AL,"Ismail",378
AL,"Jetmir",376
AL,"Dori",374
AL,"Gerald",374
AL,"Fabio",372
AL,"Vasil",370
AL,"Visi",370
AL,"Nardi",368
AL,"Besim",365
AL,"Xhulio",363
AL,"Behar",362
AL,"Niku",361
AL,"Avni",358
AL,"Endrit",356
AL,"Klaudio",356
AL,"Eli",355
AL,"Nazmi",354
AL,"Enver",354
AL,"Antonio",348
AL,"Arsen",346
AL,"Juli",345
AL,"Klevi",344
AL,"Mandi",344
AL,"Ilirjan",343
AL,"Ndue",340
AL,"Luli",339
AL,"Qemal",339
AL,"Romeo",336
AL,"Emanuel",335
AL,"Durim",335
AL,"Gazi",334
AL,"Soni",333
AL,"Shkelzen",332
AL,"Nikolin",331
AL,"Bajram",330
AL,"Kristian",325
AL,"Ledi",325
AL,"Ramazan",321
AL,"Ronaldo",320
AL,"Xhevahir",317
AL,"Luis",317
AL,"Hysen",313
AL,"Elis",309
AL,"Florenc",307
AL,"Festim",306
AL,"Eno",304
AL,"Arian",301
AL,"Keli",300
AL,"Eduard",299
AL,"Xhoni",293
AL,"Dorjan",292
AL,"Klejdi",292
AL,"Fadil",289
AL,"Dashamir",288
AL,"Gazmir",287
AL,"Haxhi",287
AL,"Vilson",286
AL,"Bruno",285
AL,"Sali",285
AL,"Alket",284
AL,"Florjan",282
AL,"Kledi",282
AL,"Flavio",280
AL,"Anxhelo",280
AL,"Klodjan",279
AL,"Cimi",275
AL,"Admir",274
AL,"Mentor",273
AL,"Urim",270
AL,"Krenar",269
AL,"Elio",269
AL,"Ismet",268
AL,"Rexhep",268
AL,"Meti",267
AL,"Elidon",267
AL,"Ardjan",266
AL,"Henri",266
AL,"Kristjan",264
AL,"Kevi",263
AL,"Ari",256
AL,"Kadri",256
AL,"Tonin",256
AL,"Kreshnik",255
AL,"Ylber",254
AL,"Gjon",253
AL,"Marko",253
AL,"Shaban",252
AL,"Ben",250
AL,"Cuni",248
AL,"Fation",245
AL,"Gjovalin",244
AL,"Anton",244
AL,"Marjus",243
AL,"David",243
AL,"Gazmend",242
AL,"Noel",242
AL,"Ajet",241
AL,"Hysni",241
AL,"Gani",240
AL,"Hekuran",239
AL,"Zamir",239
AL,"Serxho",238
AL,"Bekim",237
AL,"Gersi",237
AL,"Adem",237
AL,"Bardhi",236
AL,"Asllan",232
AL,"Egli",231
AL,"Eris",231
AL,"Ledion",230
AL,"Kleo",229
AL,"Bedri",229
AL,"Dionis",229
AL,"Ernest",229
AL,"Arti",227
AL,"Ibrahim",227
AL,"Fitim",226
AL,"Bardhyl",225
AL,"Emiljan",224
AL,"Islam",224
AL,"Ndricim",224
AL,"Bilbil",221
AL,"Xhemal",220
AL,"Skerdi",219
AL,"Selim",216
AL,"Bushi",215
AL,"Mustafa",215
AL,"Orgest",215
AL,"Isuf",215
AL,"Elson",213
AL,"Ahmet",213
AL,"Xhevdet",212
AL,"Deni",212
AL,"Samuel",211
AL,"Qazim",210
AL,"Gent",210
AL,"Aqif",209
AL,"Reni",208
AL,"Sabri",208
AL,"Lefter",207
AL,"Eraldo",207
AL,"Koli",207
AL,"Riza",207
AL,"Spartak",206
AL,"Lenci",206
AL,"Nertil",205
AL,"Albion",204
AL,"Osman",202
AL,"Kristo",201
AL,"Pjeter",201
AL,"Ilia",201
AL,"Erind",201
AL,"Sulejman",200
AL,"Sandri",199
AL,"Danjel",198
AL,"Orges",196
AL,"Tan",196
AL,"Paulin",195
AL,"Halil",195
AL,"Spiro",194
AL,"Alesio",193
AL,"Valter",193
AL,"Ramiz",193
AL,"Gzim",192
AL,"Shefqet",192
AL,"Drilon",191
AL,"Ersi",191
AL,"Zenel",190
AL,"Qamil",190
AL,"Rigers",190
AL,"Fran",189
AL,"Mehmet",189
AL,"Muharrem",188
AL,"Pajtim",187
AL,"Sadik",186
AL,"Arbri",185
AL,"Valentin",185
AL,"Haki",184
AL,"Genc",184
AL,"Rigels",184
AL,"Juljan",183
AL,"Nik",182
AL,"Isa",182
AL,"Vangjel",181
AL,"Al",181
AL,"Drini",179
AL,"Tomi",179
AL,"Alex",179
AL,"Franko",178
AL,"Faik",178
AL,"Xhuljo",178
AL,"Petro",177
AL,"Roni",177
AL,"Fabian",177
AL,"Ferit",176
AL,"Renis",176
AL,"Enis",174
AL,"Albano",174
AL,"Mirjan",173
AL,"Orgito",173
AL,"Eldi",173
AL,"Defrim",172
AL,"Nuri",170
AL,"Kosta",169
AL,"Marjan",168
AL,"Engjell",166
AL,"Emiliano",166
AL,"Titi",165
AL,"Turi",165
AL,"Rezart",165
AL,"Fred",165
AL,"Selman",164
AL,"Kejdi",164
AL,"Hamit",163
AL,"Edmir",162
AL,"Erlind",162
AL,"Vullnet",162
AL,"Benard",162
AL,"Ilmi",161
AL,"Musa",161
AL,"Xhimi",161
AL,"Goni",161
AL,"Maksim",160
AL,"Lutfi",160
AL,"Ramadan",159
AL,"Redon",159
AL,"Geraldo",158
AL,"Rimi",158
AL,"Arnold",158
AL,"Doni",157
AL,"Blendi",157
AL,"Jorgo",156
AL,"Nikoll",155
AL,"Er",155
AL,"Halit",155
AL,"Dhimiter",153
AL,"Endi",153
AL,"Loni",153
AL,"Agustin",152
AL,"Kristaq",152
AL,"Bosi",152
AL,"Vini",152
AL,"Muhamet",150
AL,"Tahir",150
AL,"Albania",150
AL,"Mir",149
AL,"Azem",149
AL,"Beqir",149
AL,"Gramoz",148
AL,"Murat",148
AL,"Pashk",146
AL,"Enes",145
AL,"Enri",145
AL,"Franci",144
AL,"Algert",142
AL,"Eljo",142
AL,"Marin",140
AL,"Bardhok",140
AL,"Jetnor",140
AL,"Gabriel",140
AL,"Edvin",139
AL,"Arif",139
AL,"Dashi",138
AL,"Esat",138
AL,"Eugen",137
AL,"Shyqyri",137
AL,"Ymer",137
AL,"Safet",136
AL,"Simon",135
AL,"Dani",135
AL,"Jeton",135
AL,"Lali",134
AL,"Xhelal",134
AL,"Lirim",134
AL,"Ded",134
AL,"Maksi",134
AL,"Diti",134
AL,"Oni",133
AL,"Preng",133
AL,"Piro",132
AL,"Hamdi",132
AL,"Alfons",131
AL,"El",131
AL,"Xhoi",131
AL,"Thoma",130
AL,"Erdi",130
AL,"Gesti",129
AL,"Rasim",129
AL,"Orest",127
AL,"Franc",127
AL,"Nesti",127
AL,"Qani",126
AL,"Gert",126
AL,"Ledjo",126
AL,"Idajet",126
AL,"Sherif",126
AL,"Fatbardh",126
AL,"Arbi",126
AL,"Dejvi",125
AL,"Andon",125
AL,"Lek",125
AL,"Tiku",125
AL,"Cim",124
AL,"Guri",124
AL,"Xhuljano",124
AL,"Rustem",124
AL,"Ana",124
AL,"Ledjon",124
AL,"Klaus",124
AL,"John",124
AL,"Medi",123
AL,"Elion",123
AL,"Bobi",123
AL,"Kol",123
AL,"Dashnor",122
AL,"Fiqiri",122
AL,"Ferdinand",122
AL,"Bert",122
AL,"Gledis",121
AL,"Gjin",121
AL,"Gimi",121
AL,"Lindi",121
AL,"Izmir",120
AL,"Ai",120
AL,"Andri",119
AL,"Xhevair",119
AL,"Qerim",119
AL,"Eljon",119
AL,"Xhuliano",118
AL,"Demir",118
AL,"Joel",118
AL,"Gramos",116
AL,"Xhevi",116
AL,"Tori",116
AL,"Fati",115
AL,"Lani",115
AL,"Francesko",115
AL,"Laert",115
AL,"Bani",114
AL,"Servet",114
AL,"Gesi",113
AL,"Mobileri",113
AL,"Met",113
AL,"Ruzhdi",113
AL,"Namik",112
AL,"Devi",112
AL,"Tedi",112
AL,"Hajri",112
AL,"Idriz",112
AL,"Kledis",112
AL,"Mond",112
AL,"Veli",112
AL,"Bes",112
AL,"Bled",112
AL,"Sinan",111
AL,"Zani",111
AL,"Xhuljan",111
AL,"Leonardo",111
AL,"Adriano",111
AL,"Tom",111
AL,"Mili",110
AL,"Serxhio",110
AL,"Marius",110
AL,"Dario",110
AL,"Shefki",109
AL,"Barjam",109
AL,"Sotir",109
AL,"Lul",109
AL,"Neri",108
AL,"Rifat",107
AL,"Sazan",107
AL,"Devis",107
AL,"Don",106
AL,"Leon",106
AL,"Emi",106
AL,"Mali",105
AL,"Xhevat",104
AL,"Shaqir",104
AL,"Rudi",104
AL,"Seldi",104
AL,"Stefan",104
AL,"Sander",104
AL,"Juri",104
AL,"Armir",103
AL,"Nezir",103
AL,"Fisnik",103
AL,"Neritan",102
AL,"Kostandin",102
AL,"Leandro",102
AL,"Land",102
AL,"Ergest",102
AL,"Stivi",102
AL,"Seit",102
AL,"Oresti",101
AL,"Pal",100
AL,"Renaldo",100
AL,"Xhon",100
AL,"Dash",99
AL,"Hektor",99
AL,"Muhamed",99
AL,"Klajd",99
AL,"Zaim",98
AL,"Tomorr",98
AL,"Hamza",98
AL,"Lori",98
AL,"Oltion",98
AL,"Clirim",98
AL,"Tony",97
AL,"Luka",97
AL,"Aranit",96
AL,"Xhino",96
AL,"Bisha",96
AL,"Sefer",96
AL,"Ergis",96
AL,"Arjon",96
AL,"Ar",96
AL,"Lulezim",95
AL,"Izet",95
AL,"Baftjar",95
AL,"Blero",95
AL,"Ridvan",94
AL,"Pllum",94
AL,"Brajan",94
AL,"Olgert",94
AL,"Rakip",94
AL,"Flogert",93
AL,"Erik",93
AL,"Stiven",93
AL,"Neli",93
AL,"Enrik",93
AL,"Reli",93
AL,"Klod",92
AL,"Lili",92
AL,"Romario",92
AL,"Maliq",91
AL,"Erti",91
AL,"Besart",91
AL,"Kliton",91
AL,"Jeta",91
AL,"Xhavit",91
AL,"Imer",91
AL,"Edlir",90
AL,"Nino",90
AL,"Ndoc",90
AL,"Joan",90
AL,"Enio",90
AL,"Paulo",89
AL,"Vis",89
AL,"Halim",89
AL,"Arjol",89
AL,"Elvin",89
AL,"Ildi",89
AL,"Milan",89
AL,"Nazif",88
AL,"Eneo",88
AZ,"Anar",928
AZ,"Elnur",840
AZ,"Elvin",831
AZ,"Samir",831
AZ,"Orxan",783
AZ,"Tural",769
AZ,"Vusal",708
AZ,"Emin",655
AZ,"Ruslan",627
AZ,"Ali",594
AZ,"Murad",584
AZ,"Zaur",577
AZ,"Vuqar",557
AZ,"Elcin",521
AZ,"Ramin",508
AZ,"Nicat",503
AZ,"Ramil",477
AZ,"Ceyhun",472
AZ,"Emil",456
AZ,"Azer",447
AZ,"Fuad",439
AZ,"Kamran",437
AZ,"Kenan",428
AZ,"Ferid",406
AZ,"Cavid",402
AZ,"Ilkin",368
AZ,"Seymur",347
AZ,"Yusif",345
AZ,"Rauf",337
AZ,"Nurlan",327
AZ,"Eli",323
AZ,"Huseyn",316
AZ,"Ilqar",314
AZ,"Natiq",311
AZ,"Resad",304
AZ,"Namiq",272
AZ,"Asif",263
AZ,"Ilham",256
AZ,"Perviz",254
AZ,"Rasim",252
AZ,"Taleh",250
AZ,"Elsen",246
AZ,"Xeyal",231
AZ,"Farid",231
AZ,"Elxan",224
AZ,"Elmir",221
AZ,"Elmar",221
AZ,"Mahir",219
AZ,"Kamil",219
AZ,"Senan",219
AZ,"Vasif",219
AZ,"Ibrahim",216
AZ,"Mehman",201
AZ,"Mehemmed",200
AZ,"Ismayil",198
AZ,"Arif",190
AZ,"Sadiq",187
AZ,"Eldar",185
AZ,"Rashad",180
AZ,"Adil",179
AZ,"Hesen",177
AZ,"Faiq",176
AZ,"Ayxan",173
AZ,"Elman",172
AZ,"Sahin",171
AZ,"Behruz",171
AZ,"Sahib",169
AZ,"Aydin",165
AZ,"Rovsen",164
AZ,"Ulvi",164
AZ,"Elgun",162
AZ,"Azad",160
AZ,"Elsad",159
AZ,"Ramiz",159
AZ,"Amil",158
AZ,"Teymur",157
AZ,"Rufet",157
AZ,"Sebuhi",154
AZ,"Fariz",148
AZ,"Araz",145
AZ,"Aqil",145
AZ,"Nazim",143
AZ,"Serxan",143
AZ,"Nizami",141
AZ,"Togrul",141
AZ,"Kamal",140
AZ,"Tahir",138
AZ,"Mehdi",138
AZ,"Etibar",136
AZ,"Asim",135
AZ,"Revan",134
AZ,"Ayaz",132
AZ,"Vaqif",130
AZ,"Rufat",127
AZ,"Tofiq",125
AZ,"Nihad",125
AZ,"Elchin",123
AZ,"Nadir",122
AZ,"Hikmet",121
AZ,"Vüsal",121
AZ,"Ramal",121
AZ,"Resul",119
AZ,"Akif",118
AZ,"Valeh",118
AZ,"Terlan",118
AZ,"Raul",118
AZ,"Turan",117
AZ,"Vahid",116
AZ,"Nihat",113
AZ,"Babek",112
AZ,"Royal",111
AZ,"Musa",109
AZ,"Famil",108
AZ,"Elmeddin",107
AZ,"Rustem",107
AZ,"Roma",107
AZ,"Mubariz",105
AZ,"Mamed",103
AZ,"Shahin",103
AZ,"Rafiq",103
AZ,"Abbas",103
AZ,"Qurban",102
AZ,"Sabir",101
AZ,"Pervin",100
AZ,"Bextiyar",100
AZ,"Elçin",96
AZ,"Elshad",96
AZ,"Telman",95
AZ,"Rafael",95
AZ,"Suleyman",95
AZ,"Aslan",95
AZ,"Elshan",94
AZ,"Ferhad",94
AZ,"Eldeniz",94
AZ,"Alik",93
AZ,"Ziya",93
AZ,"Elcan",93
AZ,"Rovshan",92
AZ,"Nahid",91
AZ,"Saleh",91
AZ,"Zahid",90
AZ,"Celal",90
AZ,"Amin",90
AZ,"Vidadi",89
AZ,"Elsever",89
AZ,"Rehman",88
AZ,"Əli",86
AZ,"Vugar",85
AZ,"Rehim",85
AZ,"Sahil",85
AZ,"Oktay",85
AZ,"Arzu",84
AZ,"Haci",83
AZ,"Aga",83
AZ,"Isa",79
AZ,"Rahim",79
AZ,"Cingiz",79
AZ,"Hasan",79
AZ,"Zamiq",79
AZ,"Elmin",78
AZ,"Habil",78
AZ,"Novruz",77
AZ,"Parviz",77
AZ,"Tebriz",76
AZ,"Malik",76
AZ,"Xalid",76
AZ,"Rustam",76
AZ,"Nail",76
AZ,"Elshen",76
AZ,"Zamin",76
AZ,"İlkin",76
AZ,"Islam",75
AZ,"Sexavet",74
AZ,"Xeyyam",72
AZ,"Rahib",72
AZ,"Hemid",72
AZ,"Huseyin",72
AZ,"Vüqar",72
AZ,"Hafiz",71
AZ,"Tamerlan",70
AZ,"Intiqam",69
AZ,"Reshad",69
AZ,"Fazil",69
AZ,"İlqar",68
AZ,"Cavad",67
AZ,"Rza",67
AZ,"Bayram",67
AZ,"İlham",66
AZ,"Roman",66
AZ,"Fizuli",65
AZ,"Imran",65
AZ,"Cemil",65
AZ,"Hüseyn",65
AZ,"Emrah",65
AZ,"Oruc",64
AZ,"Niko",64
AZ,"Rəşad",64
AZ,"Efqan",64
AZ,"Omer",64
AZ,"Qalib",63
AZ,"Ekber",62
AZ,"Али",62
AZ,"Namik",62
AZ,"Camal",62
AZ,"Zakir",61
AZ,"Xaliq",61
AZ,"Mahmud",60
AZ,"Cavidan",60
AZ,"Fikret",60
AZ,"Kerim",60
AZ,"Heyder",59
AZ,"Tunar",59
AZ,"Yasar",58
AZ,"Abdulla",58
AZ,"Subhan",58
AZ,"Amid",58
AZ,"Şahin",58
AZ,"İbrahim",57
AZ,"Orkhan",56
AZ,"Mustafa",56
AZ,"Asef",56
AZ,"Umid",55
AZ,"Gunduz",55
AZ,"Alim",55
AZ,"Ehmed",55
AZ,"Miri",54
AZ,"Maqa",54
AZ,"Rewad",53
AZ,"Polad",52
AZ,"Umud",52
AZ,"Cosqun",52
AZ,"Xeqani",51
AZ,"Rizvan",51
AZ,"Cahid",51
AZ,"Veli",50
AZ,"Meherrem",50
AZ,"Sabuhi",50
AZ,"Elşən",50
AZ,"Zahir",50
AZ,"Ismail",50
AZ,"Resid",50
AZ,"Ugur",49
AZ,"Osman",48
AZ,"Elbrus",48
AZ,"Ülvi",48
AZ,"Yunis",48
AZ,"Məhəmməd",47
AZ,"Анар",46
AZ,"Cefer",46
AZ,"Memmed",46
AZ,"Niyazi",46
AZ,"Mezahir",46
AZ,"Feqan",45
AZ,"Davud",45
AZ,"Elşad",45
AZ,"Yasin",45
AZ,"Qabil",44
AZ,"Azər",44
AZ,"Allahverdi",44
AZ,"Elwen",44
AZ,"Zohrab",44
AZ,"Rovshen",44
AZ,"Ilyas",44
AZ,"Samil",43
AZ,"Aziz",43
AZ,"Yaqub",43
AZ,"Nesimi",43
AZ,"Sakit",43
AZ,"Axmed",42
AZ,"Kənan",42
AZ,"Semed",42
AZ,"Cahangir",42
AZ,"Fərid",42
AZ,"Elik",42
AZ,"Руслан",42
AZ,"Arzuman",42
AZ,"Kanan",41
AZ,"Mirze",41
AZ,"Zeynal",41
AZ,"Prosta",41
AZ,"Asiman",41
AZ,"Rahil",41
AZ,"Yalcin",40
AZ,"Enver",40
AZ,"Tarlan",40
AZ,"Tuncay",40
AZ,"Neriman",39
AZ,"Ehtiram",39
AZ,"Farhad",39
AZ,"Aliyev",38
AZ,"Baxtiyar",38
AZ,"Орхан",38
AZ,"Salman",38
AZ,"Cabir",38
AZ,"Said",37
AZ,"Musviq",37
AZ,"Rövşən",37
AZ,"Kazim",37
AZ,"İsmayıl",37
AZ,"Самир",36
AZ,"Firudin",36
AZ,"Azik",36
AZ,"Ferman",36
AZ,"Metleb",36
AZ,"Eltun",36
AZ,"Ismet",35
AZ,"Cavansir",35
AZ,"Eziz",35
AZ,"Rasad",35
AZ,"Javid",35
AZ,"Bahruz",35
AZ,"Eyvaz",35
AZ,"Эмиль",34
AZ,"Yashar",34
AZ,"Nofel",34
AZ,"Firuz",34
AZ,"Ilgar",34
AZ,"Hebib",34
AZ,"Serdar",34
AZ,"Xayal",33
AZ,"Fexri",33
AZ,"Punhan",33
AZ,"Deyanet",33
AZ,"Muhammed",33
AZ,"Esger",32
AZ,"Edik",32
AZ,"Ramazan",32
AZ,"Ferrux",32
AZ,"Tenha",32
AZ,"Sanan",32
AZ,"Mais",32
AZ,"Rasul",32
AZ,"Xelil",32
AZ,"Celil",32
AZ,"Baba",32
AZ,"Vagif",31
AZ,"Sehriyar",31
AZ,"Nemet",31
AZ,"Hilal",31
AZ,"Omar",31
AZ,"İsmayil",31
AZ,"Mikayil",30
AZ,"Вугар",30
AZ,"Həsən",30
AZ,"Evez",30
AZ,"Фуад",30
AZ,"Firdovsi",30
AZ,"Nureddin",30
AZ,"Shamil",30
AZ,"Metin",30
AZ,"Rafet",30
AZ,"Aksin",29
AZ,"Elesger",29
AZ,"Musfiq",29
AZ,"Elgiz",29
AZ,"Niyameddin",29
AZ,"Rashid",29
AZ,"Tehran",29
AZ,"Edalet",29
AZ,"Qadir",29
AZ,"Elgün",28
AZ,"Qara",28
AZ,"Rufan",28
AZ,"Nebi",28
AZ,"Mansur",28
AZ,"El",28
AZ,"Ahmed",28
AZ,"Muxtar",28
AZ,"Эмин",28
AZ,"Рустам",28
AZ,"Bəhruz",27
AZ,"Parvin",27
AZ,"Selim",27
AZ,"Tariyel",27
AZ,"Ariz",27
AZ,"Memmedov",27
AZ,"Xanlar",27
AZ,"Taryel",26
AZ,"Receb",26
AZ,"Seyran",26
AZ,"Xaqani",26
AZ,"Seid",26
AZ,"Toğrul",26
AZ,"Behram",26
AZ,"Afiq",26
AZ,"Sənan",26
AZ,"Xəyal",26
AZ,"Naib",26
AZ,"Adem",26
AZ,"Reşad",26
AZ,"Abdul",26
AZ,"Renat",25
AZ,"Yadigar",25
AZ,"Esqin",25
AZ,"Rəsul",25
AZ,"Aydın",25
AZ,"Çingiz",25
AZ,"Elwad",25
AZ,"Qosqar",25
AZ,"Necef",25
AZ,"İslam",25
AZ,"Teyyub",25
AZ,"Elekber",25
AZ,"Soltan",25
AZ,"Penah",25
AZ,"Israfil",25
AZ,"Afqan",25
AZ,"Timur",25
AZ,"Isgender",25
AZ,"Samed",25
AZ,"Hamlet",25
AZ,"Letif",24
AZ,"Hamid",24
AZ,"Фарид",24
AZ,"Ziyad",24
AZ,"Raqif",24
AZ,"Sarxan",24
AZ,"Qudret",24
AZ,"Murat",24
AZ,"Qasim",24
AZ,"Sefer",24
AZ,"Elton",24
AZ,"Elşen",23
AZ,"Tagi",23
AZ,"Isi",23
AZ,"Pərviz",23
AZ,"Salam",23
AZ,"Samxal",23
AZ,"Shehriyar",23
AZ,"Rabil",23
AZ,"Рамин",23
AZ,"Yaşar",23
AZ,"Kerem",23
AZ,"Sultan",23
AZ,"Qismet",23
AZ,"Рашад",23
AZ,"Ikram",23
AZ,"Xezer",23
AZ,"Sahmar",23
AZ,"Ruhin",23
AZ,"Eliyev",23
AZ,"Rovsan",23
AZ,"Mayil",22
AZ,"Sabit",22
AZ,"Nesib",22
AZ,"Elsan",22
AZ,"Elyar",22
AZ,"Eltac",22
AZ,"Qorxmaz",22
AZ,"Заур",22
AZ,"Eyyub",22
AZ,"Səbuhi",22
AZ,"Qedir",22
AZ,"Elburus",22
AZ,"Мурад",22
AZ,"Nusret",22
AZ,"Вагиф",22
AZ,"Elnar",22
AZ,"Iqbal",22
AZ,"Rafik",22
AZ,"Eliw",22
AZ,"Mübariz",22
AZ,"Cabbar",21
AZ,"Abbasov",21
AZ,"Razi",21
AZ,"Nijat",21
AZ,"Iman",21
AZ,"Totu",21
AZ,"Bahadur",21
AZ,"Seyid",21
AZ,"Natik",21
AZ,"Abdullah",21
AZ,"Calal",21
AZ,"Bilal",21
AZ,"Natig",21
AZ,"Maga",21
AZ,"Nariman",21
AZ,"Шахин",20
AZ,"Zaman",20
AZ,"Uzeyir",20
AZ,"Qiyas",20
AZ,"Hikmət",20
AZ,"Nuru",20
AZ,"İmran",20
AZ,"Esref",20
AZ,"Dasqin",20
AZ,"Quliyev",20
AZ,"Röyal",20
AZ,"Seyyad",20
AZ,"Wahin",20
AZ,"Aqshin",20
AZ,"Lacin",20
AZ,"Ayhan",20
AZ,"Muraz",20
AZ,"Avara",20
AZ,"Rasif",20
AZ,"Behlul",20
AZ,"Idris",20
AZ,"Ziko",19
AZ,"Hesret",19
AZ,"Esed",19
AZ,"Ataw",19
AZ,"Эльчин",19
AZ,"Ниджат",19
AZ,"Muslum",19
AZ,"Нурлан",19
AZ,"Ümid",19
AZ,"Фархад",19
AZ,"Nuran",19
AZ,"Турал",19
AZ,"Zabil",19
AZ,"Mehebbet",19
AZ,"Zulfuqar",19
AZ,"Amir",19
AZ,"Yunus",19
AZ,"Talib",19
AZ,"Rüfət",19
AZ,"Urfan",19
AZ,"Museyib",18
AZ,"Qafar",18
AZ,"Yeraz",18
AZ,"Qulu",18
AZ,"Sohret",18
AZ,"Руфат",18
AZ,"Cesaret",18
AZ,"Niyaz",18
AZ,"Aqsin",18
AZ,"Эльшан",18
AZ,"Beyler",18
AZ,"Sarvan",18
AZ,"Рамиз",18
AZ,"Mushviq",18
AZ,"Mensur",18
AZ,"Abu",18
AZ,"Tofik",18
AZ,"Coşqun",18
AZ,"Mecid",18
AZ,"Ровшан",18
AZ,"Gündüz",18
AZ,"Zeka",18
AZ,"Vilayet",18
AZ,"Turqay",18
AZ,"Fedya",18
AZ,"Agalar",18
AZ,"Abuzer",17
AZ,"Maarif",17
AZ,"İntiqam",17
AZ,"Elməddin",17
AZ,"Saiq",17
AZ,"Ömer",17
AZ,"Ömər",17
AZ,"Sirac",17
AZ,"Ebulfez",17
AZ,"Farxad",17
AZ,"Yaver",17
AZ,"Surxay",17
AZ,"Гусейн",17
AZ,"Turqut",17
AZ,"Baku",17
AZ,"Dadas",17
AZ,"Tərlan",17
AZ,"Saday",17
AZ,"David",17
AZ,"Эльнур",17
AZ,"Faik",17
AZ,"Izzet",17
AZ,"Agil",17
AZ,"Азер",17
AZ,"Fexreddin",16
AZ,"Nasir",16
AZ,"Huseynov",16
AZ,"İsa",16
AZ,"Nizam",16
AZ,"Sakir",16
AZ,"Tale",16
AZ,"Turab",16
AZ,"Tapdiq",16
AZ,"Ramiq",16
AZ,"Nabi",16
AZ,"Рауф",16
AZ,"Ehmedov",16
AZ,"Altay",16
AZ,"Şamil",16
AZ,"Ceka",16
AZ,"Ejder",16
AZ,"Yuska",15
AZ,"Xan",15
AZ,"Алик",15
AZ,"Sefa",15
AZ,"İlyas",15
AZ,"Джавид",15
AZ,"Тимур",15
AZ,"Hidayet",15
AZ,"Deniz",15
AZ,"Yawar",15
AZ,"Vefadar",15
AZ,"Atash",15
AZ,"Ferahim",15
AZ,"Назим",15
AZ,"Ибрагим",15
GE,"Giorgi",2221
GE,"Dato",810
GE,"Gio",770
GE,"Nika",755
GE,"Irakli",692
GE,"Lasha",555
GE,"Zura",467
GE,"Luka",436
GE,"Davit",384
GE,"Zaza",382
GE,"Levan",367
GE,"Mamuka",353
GE,"Levani",351
GE,"Gocha",317
GE,"გიორგი",300
GE,"David",288
GE,"Gia",279
GE,"Beqa",277
GE,"Gela",275
GE,"Giga",259
GE,"Kaxa",257
GE,"Tornike",253
GE,"Temo",236
GE,"Saba",225
GE,"Beso",214
GE,"Goga",210
GE,"Koba",174
GE,"Soso",171
GE,"Ali",167
GE,"Badri",167
GE,"Sandro",161
GE,"Shota",155
GE,"Avto",154
GE,"Ruslan",153
GE,"Roma",151
GE,"Paata",144
GE,"Tengo",138
GE,"Ilia",134
GE,"Temuri",133
GE,"Jaba",132
GE,"Zviadi",132
GE,"Nikoloz",128
GE,"George",126
GE,"Vaxo",121
GE,"Ramin",120
GE,"Valeri",118
GE,"Merabi",116
GE,"Misha",116
GE,"Vano",113
GE,"Nukri",113
GE,"Ramazi",110
GE,"Aleko",110
GE,"Alex",110
GE,"Nikusha",109
GE,"Shalva",108
GE,"Bacho",104
GE,"Oto",103
GE,"ნიკა",102
GE,"Merab",100
GE,"დავით",100
GE,"Rezo",98
GE,"Sergo",97
GE,"Dima",97
GE,"Maxo",97
GE,"Akaki",95
GE,"Elvin",95
GE,"Samir",94
GE,"Tazo",94
GE,"Lado",94
GE,"Ika",92
GE,"Xvicha",92
GE,"Beka",92
GE,"Tamazi",90
GE,"Vaja",89
GE,"Shako",86
GE,"Zurab",86
GE,"Rezi",86
GE,"Joni",86
GE,"Kakha",84
GE,"Nodari",82
GE,"Givi",80
GE,"Misho",79
GE,"Amiran",79
GE,"Elnur",76
GE,"Tural",76
GE,"Mindia",76
GE,"Roman",75
GE,"Ramaz",74
GE,"დათო",74
GE,"Avtandil",71
GE,"Leri",71
GE,"გიო",70
GE,"Aleqsandre",70
GE,"ირაკლი",69
GE,"Aleksandre",69
GE,"Data",69
GE,"Gaga",69
GE,"Alika",69
GE,"Edo",69
GE,"Anar",69
GE,"Nugzar",68
GE,"Niko",68
GE,"Zaur",67
GE,"Artur",67
GE,"Gogita",66
GE,"Tamaz",66
GE,"Guga",66
GE,"ლაშა",66
GE,"Zviad",66
GE,"Imeda",65
GE,"Tato",63
GE,"Gurami",63
GE,"Tengiz",63
GE,"Guram",63
GE,"Mirza",62
GE,"Temur",62
GE,"Achi",62
GE,"Archil",62
GE,"Kote",61
GE,"Ako",60
GE,"Emil",60
GE,"Nodo",60
GE,"Gigi",59
GE,"Tariel",59
GE,"Nodar",58
GE,"Achiko",58
GE,"Ucha",57
GE,"Vaso",57
GE,"Rati",57
GE,"Orxan",57
GE,"ბექა",55
GE,"Gauqmda",55
GE,"Gogi",55
GE,"Robert",55
GE,"Shotiko",54
GE,"ზურა",54
GE,"თორნიკე",53
GE,"Armen",52
GE,"Zuka",52
GE,"Roini",51
GE,"Aslan",51
GE,"Manuchar",50
GE,"Mishka",50
GE,"Emzari",49
GE,"Vitali",49
GE,"Kamran",49
GE,"ლუკა",49
GE,"Anri",48
GE,"Jemali",48
GE,"Elmar",48
GE,"Andro",48
GE,"Malxaz",47
GE,"Alik",47
GE,"Elcin",47
GE,"ლევან",47
GE,"Dimitri",47
GE,"Eduard",46
GE,"Omar",46
GE,"Mate",45
GE,"Ioseb",45
GE,"Dachi",45
GE,"Andria",45
GE,"Mari",43
GE,"Daviti",43
GE,"Mikheil",43
GE,"საბა",43
GE,"Guja",43
GE,"Ilo",42
GE,"Jemal",42
GE,"Nugzari",42
GE,"Rasim",41
GE,"Vako",41
GE,"Ramil",41
GE,"Leqso",41
GE,"Kenan",41
GE,"Elguja",41
GE,"Revaz",41
GE,"Erekle",40
GE,"Malxazi",40
GE,"Omari",39
GE,"Otar",39
GE,"Ucnobi",39
GE,"კახა",39
GE,"Dito",39
GE,"Vusal",38
GE,"Raul",38
GE,"Sergi",37
GE,"Karen",37
GE,"Ruslani",37
GE,"Emzar",37
GE,"Mishiko",37
GE,"Otari",37
GE,"Nugo",37
GE,"ლევანი",37
GE,"Asif",36
GE,"ალექსანდრე",36
GE,"Murad",36
GE,"Nurlan",35
GE,"Eldar",35
GE,"Azer",35
GE,"Geno",35
GE,"Genadi",35
GE,"Bachi",35
GE,"Toko",35
GE,"Sahil",35
GE,"Amil",35
GE,"Nino",34
GE,"Anzori",34
GE,"Roland",34
GE,"მამუკა",33
GE,"Namik",33
GE,"Jimi",33
GE,"თემო",33
GE,"Rauf",33
GE,"ზაზა",32
GE,"Ilkin",32
GE,"Famil",32
GE,"Anzor",32
GE,"Roin",31
GE,"Iago",31
GE,"Musa",31
GE,"Mirian",31
GE,"Rolandi",31
GE,"Ibrahim",29
GE,"Teimuraz",29
GE,"გიგა",29
GE,"Гиорги",29
GE,"Mustafa",29
GE,"Emin",29
GE,"Romeo",29
GE,"Vakho",29
GE,"Koka",29
GE,"Vova",29
GE,"შოთა",29
GE,"Serxan",29
GE,"Sahib",28
GE,"Alexander",28
GE,"Zauri",28
GE,"Natia",28
GE,"ილია",27
GE,"Kamil",27
GE,"Oleg",27
GE,"Mixeil",27
GE,"Ramo",27
GE,"Gega",27
GE,"Amiko",27
GE,"Malkhaz",27
GE,"Datuna",27
GE,"Sulxan",27
GE,"Hasan",27
GE,"Iuri",27
GE,"Besik",27
GE,"Александр",27
GE,"Murat",27
GE,"გოგა",27
GE,"Ramini",27
GE,"Eltun",26
GE,"Ana",26
GE,"Garik",26
GE,"Daniel",25
GE,"Shmagi",25
GE,"ვაჟა",25
GE,"ვახო",25
GE,"Huseyin",25
GE,"Toma",25
GE,"გელა",25
GE,"Ahmed",25
GE,"Mahir",25
GE,"Elxan",25
GE,"Romani",25
GE,"გია",24
GE,"Leo",24
GE,"Vugar",24
GE,"Jeko",24
GE,"Juba",24
GE,"Rauli",24
GE,"Erik",24
GE,"Артур",24
GE,"Araz",23
GE,"ნიკოლოზ",23
GE,"Vasiko",23
GE,"Arzuman",23
GE,"Gizo",23
GE,"Tsotne",23
GE,"Ceyhun",23
GE,"გოჩა",23
GE,"Ilgar",22
GE,"Jano",22
GE,"Aleksandr",22
GE,"Giviko",22
GE,"Murman",22
GE,"Zurabi",22
GE,"Ayaz",22
GE,"Vazha",22
GE,"Amin",22
GE,"Давид",22
GE,"Edik",22
GE,"Guka",22
GE,"Ahmet",21
GE,"Kako",21
GE,"Nick",21
GE,"Toka",21
GE,"Arsen",21
GE,"Nazim",21
GE,"Islam",21
GE,"Geo",21
GE,"Senan",21
GE,"Albert",21
GE,"Onise",20
GE,"Georgia",20
GE,"Vato",20
GE,"Papuna",20
GE,"Ilham",20
GE,"ბესო",20
GE,"ჯაბა",20
GE,"Bondo",20
GE,"Iura",20
GE,"სანდრო",20
GE,"Руслан",20
GE,"Kaxaber",19
GE,"კობა",19
GE,"Vaxtang",19
GE,"Eldari",19
GE,"Fridoni",19
GE,"Cingiz",19
GE,"Владимир",19
GE,"Amirani",19
GE,"Khvicha",19
GE,"Cotne",19
GE,"Muradi",19
GE,"Sulxani",19
GE,"Guro",19
GE,"Jambuli",19
GE,"Murka",19
GE,"Faik",19
GE,"Ismail",19
GE,"Denis",19
GE,"Zamir",19
GE,"Ramiz",19
GE,"Demetre",19
GE,"Tedo",19
GE,"Telman",19
GE,"Aleqsi",19
GE,"Royal",18
GE,"Arkadi",18
GE,"Manuchari",18
GE,"Rafael",18
GE,"მირზა",18
GE,"Gauqmebulia",18
GE,"Simon",18
GE,"Bayram",18
GE,"რამაზ",18
GE,"Vaska",18
GE,"Abo",18
GE,"Amir",18
GE,"Buba",18
GE,"ბადრი",18
GE,"Elizbar",18
GE,"Kamal",17
GE,"Ashot",17
GE,"Rafik",17
GE,"Rafo",17
GE,"Alexandre",17
GE,"Nikolozi",17
GE,"Kanan",17
GE,"Ilqar",17
GE,"თენგო",17
GE,"Go",17
GE,"Gauq",17
GE,"Revazi",17
GE,"Vasif",17
GE,"Gaukmda",17
GE,"Роман",17
GE,"Renat",17
GE,"Yusif",17
GE,"Гоча",17
GE,"Da",17
GE,"Suliko",17
GE,"Aleksi",16
GE,"Jumber",16
GE,"Ramal",16
GE,"Elvar",16
GE,"Mamed",16
GE,"Igor",16
GE,"Etibar",16
GE,"Vladimer",16
GE,"Isa",16
GE,"Nana",16
GE,"Resad",16
GE,"Tarieli",16
GE,"Ariz",16
GE,"Bachana",16
GE,"Gabriel",16
GE,"Ferid",16
GE,"Gi",16
GE,"Nini",16
GE,"Zuri",16
GE,"სოსო",16
GE,"Suxo",16
GE,"Сергей",16
GE,"Murtazi",15
GE,"Миша",15
GE,"Kakhaber",15
GE,"Gau",15
GE,"Elmin",15
GE,"Алик",15
GE,"Olegi",15
GE,"ზვიადი",15
GE,"ხვიჩა",15
GE,"Ravil",15
GE,"Samvel",15
GE,"Fariz",15
GE,"Karlo",15
GE,"Iakob",15
GE,"შაკო",15
GE,"Mehemmed",15
GE,"Mehmet",15
GE,"Seymur",15
GE,"Adil",15
GE,"Zvio",15
GE,"Sahin",14
GE,"Aram",14
GE,"Sasha",14
GE,"თემური",14
GE,"Jambul",14
GE,"Be",14
GE,"Tahir",14
GE,"Andrei",14
GE,"Rostom",14
GE,"Alim",14
GE,"Армен",14
GE,"Elman",14
GE,"Muraz",14
GE,"რეზი",14
GE,"Akif",14
GE,"Lekso",14
GE,"ბაჩო",14
GE,"Michael",14
GE,"Yusuf",14
GE,"Malik",14
GE,"ცოტნე",14
GE,"Elsad",14
GE,"Maradi",14
GE,"Мамука",14
GE,"Azad",14
GE,"Каха",14
GE,"Mehdi",14
GE,"Дима",14
GE,"Qeti",14
GE,"Arzu",14
GE,"Vakhtang",14
GE,"გურამი",14
GE,"Vasil",14
GE,"Otiko",14
GE,"Elgun",14
GE,"Grisha",14
GE,"Arif",14
GE,"Ni",14
GE,"Nicat",14
GE,"Bacha",13
GE,"Ivane",13
GE,"Maga",13
GE,"Perviz",13
GE,"Abbas",13
GE,"Semur",13
GE,"Orhan",13
GE,"ნუკრი",13
GE,"Natik",13
GE,"Nebi",13
GE,"პაატა",13
GE,"Asim",13
GE,"Konstantine",13
GE,"Murmani",13
GE,"ლადო",13
GE,"Osman",13
GE,"Iveri",13
GE,"Edgar",13
GE,"Huseyn",13
GE,"Михаил",13
GE,"Fuad",13
GE,"ვალერი",13
GE,"Sulkhan",13
GE,"Иракли",13
GE,"ზურაბ",13
GE,"Ani",13
GE,"Elsen",13
GE,"Elmir",13
GE,"Vladimir",13
GE,"Yasar",13
GE,"Zaali",13
GE,"Fridon",12
GE,"Vasili",12
GE,"Arman",12
GE,"Mi",12
GE,"Cavid",12
GE,"Elchin",12
GE,"Зураб",12
GE,"Игорь",12
GE,"თაზო",12
GE,"Goderdzi",12
GE,"Zaal",12
GE,"Farid",12
GE,"Rizvan",12
GE,"Xeyal",12
GE,"Fazil",12
GE,"Гурам",12
GE,"Gari",12
GE,"მიხეილ",12
GE,"Lika",12
GE,"Vadim",12
GE,"ავთო",12
GE,"Андрей",12
GE,"Novruz",12
GE,"ალეკო",12
GE,"Noe",12
GE,"გოგიტა",12
GE,"Mixo",12
GE,"Hamlet",12
GE,"Lazare",12
GE,"Elmeddin",12
GE,"Onur",12
GE,"Vito",12
GE,"მერაბი",12
GE,"Pasa",12
GE,"Tofik",12
GE,"Petre",12
GE,"Besiki",12
GE,"Dati",12
GE,"Эмиль",12
GE,"Mariam",12
GE,"Emrah",12
GE,"Suren",12
GE,"Sabir",12
GE,"Sashka",12
GE,"Boris",12
GE,"Lela",11
GE,"Rahib",11
GE,"Дато",11
GE,"Ahmad",11
GE,"Юра",11
GE,"Maka",11
GE,"Zu",11
GE,"Tebriz",11
GE,"რატი",11
GE,"Maksim",11
GE,"Nizami",11
GE,"Mohammad",11
GE,"ავეჯის",11
GE,"Mamu",11
GE,"Mixeili",11
GE,"Mixail",11
GE,"Ника",11
GE,"Oruc",11
GE,"Murtaz",11
GE,"Георгий",11
GE,"Lev",11
GE,"Гио",11
GE,"რეზო",11
GE,"Tom",11
GE,"Aydin",11
GE,"Elsan",11
GE,"Bidzina",11
GE,"Gegi",11
GE,"Рома",11
GE,"John",11
GE,"Jumberi",11
GE,"Aleks",11
GE,"Roberti",11
GE,"Коба",11
GE,"ოთო",11
GE,"Anton",11
GE,"მანუჩარ",11
GE,"Martin",11
GE,"Aziz",11
GE,"Ruben",11
GE,"Заза",11
GE,"Natiq",10
GE,"გაგა",10
GE,"ჯონი",10
GE,"Elshan",10
GE,"Georgi",10
GE,"Levon",10
GE,"Алексей",10
GE,"Shamil",10
GE,"Nodiko",10
GE,"Nik",10
GE,"ნიკუშა",10
GE,"Allahverdi",10
GE,"Vaxtangi",10
GE,"Namiq",10
GE,"Beglar",10
GE,"Asef",10
GE,"Олег",10
GE,"Konstantin",10
GE,"Guri",10
GE,"Babek",10
GE,"Zuriko",10
GE,"Zamin",10
GE,"Bachuki",10
GE,"Sergey",10
GH,"Emmanuel",10003
GH,"Nana",9662
GH,"Samuel",7421
GH,"Isaac",6481
GH,"Daniel",4958
GH,"Francis",4726
GH,"Kofi",4537
GH,"Joseph",4468
GH,"Richard",4425
GH,"Eric",4319
GH,"John",4220
GH,"Michael",4031
GH,"Prince",3764
GH,"Kwame",3660
GH,"Stephen",3614
GH,"David",3178
GH,"Mohammed",3075
GH,"Ebenezer",2727
GH,"Frank",2707
GH,"George",2706
GH,"James",2696
GH,"Yaw",2527
GH,"Charles",2392
GH,"Benjamin",2350
GH,"Kwaku",2326
GH,"Kwabena",2245
GH,"Ibrahim",2172
GH,"Peter",2001
GH,"Ernest",1974
GH,"Owusu",1936
GH,"Paul",1887
GH,"Evans",1860
GH,"Alex",1850
GH,"Alhassan",1821
GH,"Solomon",1799
GH,"Osei",1797
GH,"Patrick",1768
GH,"Abdul",1753
GH,"Bright",1726
GH,"Felix",1662
GH,"Kojo",1630
GH,"Philip",1570
GH,"Robert",1515
GH,"Seth",1501
GH,"Thomas",1458
GH,"Anthony",1427
GH,"Edward",1420
GH,"Bismark",1325
GH,"Albert",1317
GH,"Bernard",1260
GH,"Maxwell",1242
GH,"Joshua",1236
GH,"William",1235
GH,"Abraham",1213
GH,"Moses",1201
GH,"Kwadwo",1195
GH,"Kwasi",1191
GH,"Gideon",1187
GH,"Justice",1175
GH,"Bra",1175
GH,"Akwasi",1144
GH,"Appiah",1095
GH,"Mensah",1076
GH,"King",1056
GH,"Opoku",1041
GH,"Collins",1029
GH,"Alfred",1026
GH,"Godwin",1018
GH,"Nicholas",1010
GH,"Asare",994
GH,"Simon",993
GH,"Enoch",993
GH,"Joe",983
GH,"Kwesi",972
GH,"Henry",968
GH,"Godfred",937
GH,"Frederick",935
GH,"Nii",934
GH,"Richmond",928
GH,"Gabriel",925
GH,"Abdulai",913
GH,"Adam",909
GH,"Ben",895
GH,"Augustine",886
GH,"Jonathan",884
GH,"Baba",879
GH,"Christian",879
GH,"Yakubu",874
GH,"Wisdom",874
GH,"Kingsley",868
GH,"Mark",854
GH,"Yeboah",852
GH,"Ali",848
GH,"Adu",845
GH,"Jacob",842
GH,"Dennis",827
GH,"Don",812
GH,"Musah",805
GH,"Issah",803
GH,"Martin",783
GH,"Kelvin",777
GH,"Victor",772
GH,"Kweku",746
GH,"Kobby",737
GH,"Christopher",732
GH,"Sampson",729
GH,"Asante",726
GH,"Fred",715
GH,"Micheal",714
GH,"Seidu",714
GH,"Ofori",713
GH,"Clement",712
GH,"Osman",703
GH,"Iddrisu",702
GH,"Boateng",699
GH,"Tetteh",696
GH,"Andrews",690
GH,"Mallam",690
GH,"Prosper",684
GH,"Dominic",681
GH,"Antwi",671
GH,"Alexander",671
GH,"Theophilus",670
GH,"Alhaji",670
GH,"Desmond",662
GH,"Adjei",662
GH,"Salifu",661
GH,"Ahmed",647
GH,"Adams",631
GH,"Vincent",626
GH,"Agyei",624
GH,"Chris",624
GH,"Abu",623
GH,"Oppong",623
GH,"Obeng",616
GH,"Paa",614
GH,"Amos",603
GH,"Raymond",603
GH,"Young",602
GH,"Obed",595
GH,"Atta",591
GH,"Yussif",585
GH,"Lawrence",581
GH,"Haruna",570
GH,"Enock",563
GH,"Frimpong",560
GH,"Abubakar",546
GH,"Kenneth",544
GH,"Derrick",542
GH,"Sammy",539
GH,"Jerry",537
GH,"Nana Yaw",534
GH,"Asamoah",530
GH,"Elvis",527
GH,"Fuseini",525
GH,"Rich",519
GH,"Ishmael",518
GH,"Amoah",511
GH,"Papa",510
GH,"Emma",510
GH,"Sam",510
GH,"Boakye",494
GH,"Foster",490
GH,"Abubakari",486
GH,"Johnson",483
GH,"Matthew",478
GH,"Eugene",474
GH,"Addo",463
GH,"Mustapha",455
GH,"Andy",440
GH,"Raphael",438
GH,"Kennedy",425
GH,"Williams",414
GH,"Tony",412
GH,"Nathaniel",411
GH,"Oheneba",404
GH,"Sylvester",401
GH,"Junior",398
GH,"Razak",396
GH,"Sulemana",392
GH,"Amoako",384
GH,"Agyemang",374
GH,"Gilbert",372
GH,"Julius",365
GH,"Joel",362
GH,"Edem",362
GH,"Edmund",360
GH,"Jonas",360
GH,"Fredrick",359
GH,"Amponsah",358
GH,"Asiedu",357
GH,"Douglas",356
GH,"Abass",355
GH,"Ekow",350
GH,"Ransford",348
GH,"Amadu",343
GH,"Mike",339
GH,"Nelson",336
GH,"Awudu",335
GH,"Louis",328
GH,"Elijah",328
GH,"Shadrack",326
GH,"Acheampong",323
GH,"Arthur",323
GH,"Aaron",322
GH,"Okyere",319
GH,"Steven",319
GH,"Eben",317
GH,"Aboagye",315
GH,"Yahaya",315
GH,"Umar",313
GH,"Mahama",312
GH,"Mawuli",310
GH,"Manuel",309
GH,"Dickson",309
GH,"Issaka",307
GH,"Andrew",307
GH,"Jay",305
GH,"Zakaria",305
GH,"Ike",304
GH,"Karim",304
GH,"Edwin",302
GH,"Hayford",299
GH,"Ohene",296
GH,"Aziz",293
GH,"Timothy",287
GH,"Oscar",282
GH,"Danso",281
GH,"Gh",279
GH,"Nana Kwame",277
GH,"Ato",275
GH,"Sumaila",273
GH,"Mumuni",269
GH,"Noah",269
GH,"Abukari",268
GH,"Oduro",266
GH,"Danny",265
GH,"Hassan",265
GH,"Richie",264
GH,"Shaibu",262
GH,"Roland",259
GH,"Awal",257
GH,"Stanley",257
GH,"Moro",256
GH,"Donkor",255
GH,"Adamu",253
GH,"Franklin",250
GH,"Divine",249
GH,"Hamza",249
GH,"Jones",248
GH,"Dan",247
GH,"Ofosu",245
GH,"Nyarko",245
GH,"Gyamfi",244
GH,"Rashid",242
GH,"Kyei",242
GH,"Nuhu",241
GH,"Ansah",239
GH,"Issahaku",239
GH,"Fiifi",238
GH,"Kingsford",238
GH,"Ras",238
GH,"Omar",237
GH,"Sarfo",236
GH,"Kusi",235
GH,"Sarpong",234
GH,"Abdallah",232
GH,"Addai",232
GH,"Takyi",231
GH,"Teye",231
GH,"Kay",229
GH,"De",229
GH,"Jeff",227
GH,"Darko",223
GH,"Israel",223
GH,"Kobina",221
GH,"Malik",220
GH,"Baah",220
GH,"Ezekiel",218
GH,"Yusif",218
GH,"Festus",217
GH,"Anane",213
GH,"Caleb",211
GH,"Dauda",211
GH,"Cephas",211
GH,"Inusah",210
GH,"Bashiru",210
GH,"Abdullah",209
GH,"Wilson",209
GH,"Brah",208
GH,"Aminu",208
GH,"Zakari",205
GH,"Naa",204
GH,"Sule",202
GH,"Steve",202
GH,"Edmond",201
GH,"Bawa",201
GH,"Kumi",200
GH,"Real",199
GH,"Innocent",198
GH,"Reuben",197
GH,"Fosu",197
GH,"Agyapong",196
GH,"Mathias",194
GH,"Atsu",193
GH,"Lsaac",192
GH,"Harry",191
GH,"Saviour",191
GH,"Nartey",190
GH,"Saeed",188
GH,"Godsway",188
GH,"Clifford",186
GH,"Cosmos",186
GH,"Jude",185
GH,"Hamidu",185
GH,"Selorm",185
GH,"Randy",184
GH,"Faisal",183
GH,"Ken",182
GH,"Itz",179
GH,"Quame",179
GH,"Gyan",178
GH,"Tahiru",177
GH,"Nhyiraba",176
GH,"Benedict",175
GH,"Eddie",175
GH,"Annor",174
GH,"Jnr",173
GH,"Acquah",170
GH,"Amankwah",168
GH,"Jeffrey",168
GH,"Harrison",167
GH,"Issifu",166
GH,"Bless",165
GH,"Manu",164
GH,"Mathew",163
GH,"Evangelist",162
GH,"Alidu",161
GH,"Effah",161
GH,"Benard",161
GH,"Isaiah",160
GH,"Dada",160
GH,"Derick",160
GH,"Star",159
GH,"Nkrumah",158
GH,"Agya",158
GH,"Tawiah",158
GH,"Godson",158
GH,"Kyeremeh",156
GH,"Pius",155
GH,"Sulley",155
GH,"Bukari",154
GH,"Baffour",154
GH,"Boadi",154
GH,"Qwame",154
GH,"Jackson",154
GH,"Amidu",154
GH,"Suleman",153
GH,"Wofa",152
GH,"Nharnhar",152
GH,"Ameyaw",151
GH,"Ayam",151
GH,"Roger",150
GH,"Issac",150
GH,"Rexford",150
GH,"Kwarteng",150
GH,"Muhammed",149
GH,"Oliver",148
GH,"Muhammad",147
GH,"Nanaba",147
GH,"Qweku",147
GH,"Shatta",147
GH,"Larry",147
GH,"Champion",146
GH,"Romeo",146
GH,"Mohamed",144
GH,"Hajj",144
GH,"Silas",144
GH,"Eddy",143
GH,"Wonder",143
GH,"Imoro",143
GH,"Mary",143
GH,"Hope",143
GH,"Courage",142
GH,"Ebo",142
GH,"Pascal",141
GH,"Awuah",141
GH,"Anim",140
GH,"Abdul Razak",140
GH,"Latif",139
GH,"Twum",139
GH,"Qwesi",139
GH,"Jack",139
GH,"Kevin",138
GH,"Bro",137
GH,"Cyril",136
GH,"Gordon",136
GH,"Nurudeen",134
GH,"Adom",134
GH,"Narh",133
GH,"Fatawu",133
GH,"Jesse",133
GH,"Freeman",133
GH,"Abel",133
GH,"Abdul Rahman",133
GH,"Kumah",133
GH,"Kvng",132
GH,"Abudu",131
GH,"Sani",131
GH,"Gyasi",131
GH,"Akwesi",131
GH,"Gershon",131
GH,"Kwakye",131
GH,"Samson",131
GH,"Addae",130
GH,"Arhin",130
GH,"Adusei",130
GH,"Tanko",129
GH,"Ampofo",129
GH,"Kelly",128
GH,"Malam",128
GH,"Humble",128
GH,"Kassim",128
GH,"Ayuba",127
GH,"Blessing",127
GH,"Twumasi",126
GH,"Quophi",126
GH,"Bhra",125
GH,"Oboy",125
GH,"Jeffery",125
GH,"Larbi",125
GH,"Nanayaw",123
GH,"Jeremiah",123
GH,"Badu",123
GH,"Marfo",123
GH,"Afriyie",123
GH,"Boamah",122
GH,"Eli",122
GH,"Efo",122
GH,"Theo",122
GH,"Immanuel",122
GH,"Owura",121
GH,"Tettey",121
GH,"Musa",121
GH,"Sky",121
GH,"Kyere",121
GH,"Jason",120
GH,"Senior",120
GH,"Amo",120
GH,"Nathan",120
GH,"Nana Kofi",119
GH,"Yung",119
GH,"Wise",119
GH,"Johnny",119
GH,"Agyekum",119
GH,"Oteng",118
GH,"Max",118
GH,"Leonard",118
GH,"Odeneho",118
GH,"Boadu",117
GH,"Promise",117
GH,"Adomako",116
GH,"Jah",116
GH,"Mc",115
GH,"El",115
GH,"Ismail",114
GH,"Rockson",114
GH,"Lord",114
GH,"Opare",114
GH,"Sadat",113
GH,"Pablo",113
GH,"Anokye",112
GH,"Bob",112
GH,"Dela",112
GH,"Bishop",112
GH,"Noble",112
GH,"Philemon",112
GH,"Agyeman",112
GH,"Yao",111
GH,"Aidoo",109
GH,"Muniru",109
GH,"Elorm",109
GH,"Afful",109
GH,"Attah",109
GH,"Abdul Aziz",108
GH,"Senyo",107
GH,"Adama",107
GH,"Stone",107
GH,"Abdullai",107
GH,"Destiny",107
GH,"Arnold",107
GH,"Wahab",107
GH,"Majeed",107
GH,"Sarkodie",106
GH,"Gerald",106
GH,"Hussein",106
GH,"Man",106
GH,"Salam",105
GH,"Davis",105
GH,"Mac",105
GH,"Nhana",104
GH,"Derek",104
GH,"Reginald",104
GH,"Nyame",104
GH,"Shadrach",104
GH,"Mubarak",104
GH,"Akoto",104
GH,"Thompson",104
GH,"Abdul Rahaman",103
GH,"Nat",103
GH,"Habib",103
GH,"Grace",103
GH,"Nhanha",103
GH,"Gyimah",102
GH,"Azumah",102
GH,"Bill",102
GH,"Jake",102
GH,"Unruly",102
GH,"Lukman",102
GH,"Clinton",101
GH,"Lucas",101
GH,"Peprah",101
GH,"Koffi",101
GH,"Amuzu",101
GH,"Awuni",101
GH,"Nene",101
GH,"Offei",101
GH,"Abugri",100
GH,"Elias",100
GH,"Gabby",100
GH,"Asiamah",100
GH,"Josh",100
GH,"Newton",100
GH,"Hudu",100
GH,"Holy",99
GH,"Awini",99
GH,"Farouk",99
GH,"Elisha",99
GH,"Esther",99
GH,"Cobby",98
GH,"Adongo",98
GH,"Dramani",98
GH,"Snr",98
GH,"Winfred",97
GH,"Baron",97
GH,"Angel",97
GH,"Marcus",97
GH,"Perry",97
GH,"Aikins",97
GH,"Tijani",97
GH,"Dery",97
GH,"Herbert",96
GH,"Usman",96
GH,"Morgan",96
GH,"Alvin",95
GH,"Jerome",95
GH,"Cletus",95
GH,"Austin",95
GH,"Qwabena",94
GH,"Ansu",94
GH,"Cornelius",94
GH,"Nkansah",92
GH,"Nasiru",92
GH,"Lucky",92
GH,"Delali",92
GH,"Love",91
GH,"Braimah",91
GH,"Dawuda",91
GH,"Billy",91
GH,"Sadick",90
GH,"Mamudu",90
GH,"Leslie",90
GH,"Ray",89
GH,"Jamal",89
GH,"Nsiah",89
GH,"Dee",89
GH,"Ignatius",89
GH,"Scott",88
GH,"Citizen",88
GH,"Linda",88
GH,"Marvin",87
GH,"Koranteng",87
GH,"Sebastian",87
GH,"Dave",87
GH,"Augustus",86
GH,"Lartey",86
GH,"Annan",86
GH,"Rauf",86
GH,"Abeiku",86
GH,"Sly",85
GH,"Kamal",85
GH,"Rahman",85
GH,"Humphrey",85
GH,"Abdul Karim",85
GH,"Carlos",85
GH,"Tei",85
GH,"Nash",84
GH,"Amankwaa",84
GH,"Ankomah",84
GH,"Nana Osei",84
NG,"Ibrahim",52449
NG,"Emmanuel",52336
NG,"Abubakar",45557
NG,"Muhammad",35991
NG,"John",33424
NG,"Samuel",32050
NG,"Abdullahi",28957
NG,"Sunday",28837
NG,"Umar",28459
NG,"Prince",27796
NG,"Musa",25145
NG,"David",25133
NG,"Usman",25053
NG,"Yusuf",24592
NG,"Joseph",23924
NG,"Victor",22984
NG,"Daniel",22481
NG,"Michael",22283
NG,"Mohammed",21980
NG,"Peter",20982
NG,"Aliyu",20869
NG,"James",18812
NG,"Aminu",17394
NG,"Mustapha",16080
NG,"Sani",16067
NG,"Adamu",15718
NG,"Paul",15399
NG,"Hassan",15346
NG,"Ahmad",15076
NG,"Kingsley",14878
NG,"Emeka",14540
NG,"Godwin",14050
NG,"Itz",13631
NG,"Ifeanyi",13447
NG,"Henry",13050
NG,"Moses",12930
NG,"Charles",12716
NG,"Anthony",12652
NG,"Ahmed",12503
NG,"Solomon",12182
NG,"Muhammed",11771
NG,"Francis",11423
NG,"Bello",11323
NG,"Stephen",11125
NG,"Idris",10657
NG,"Joshua",10616
NG,"Lawal",10433
NG,"Adebayo",10359
NG,"Chinedu",10316
NG,"Bashir",10195
NG,"Isaac",10103
NG,"Taiwo",9845
NG,"Auwal",9758
NG,"Abiodun",9583
NG,"Abdul",9544
NG,"Haruna",9475
NG,"Kabiru",9473
NG,"Ali",9289
NG,"Abba",9199
NG,"Samson",9185
NG,"Ismail",9178
NG,"Gabriel",9129
NG,"Yahaya",9119
NG,"Suleiman",9031
NG,"Chris",9002
NG,"Salisu",8955
NG,"Felix",8907
NG,"Uche",8906
NG,"Nura",8679
NG,"Frank",8669
NG,"Patrick",8526
NG,"Christian",8445
NG,"Yakubu",8379
NG,"Friday",8266
NG,"Isah",8117
NG,"Johnson",8007
NG,"Femi",7978
NG,"Babatunde",7963
NG,"Tunde",7905
NG,"Segun",7771
NG,"Sulaiman",7769
NG,"Benjamin",7759
NG,"Ikechukwu",7681
NG,"Stanley",7676
NG,"Kenneth",7617
NG,"Obinna",7567
NG,"Christopher",7539
NG,"Kayode",7532
NG,"Richard",7522
NG,"Alhaji",7453
NG,"Micheal",7301
NG,"Tony",7212
NG,"Rabiu",7123
NG,"Adewale",7059
NG,"Innocent",6997
NG,"Monday",6984
NG,"Adekunle",6930
NG,"George",6800
NG,"Alex",6726
NG,"Kelvin",6718
NG,"Adam",6554
NG,"Jude",6355
NG,"Kehinde",6330
NG,"Adeyemi",6249
NG,"Eze",6190
NG,"Sunny",6182
NG,"Mike",6153
NG,"Shehu",6109
NG,"Nasiru",5944
NG,"Lucky",5934
NG,"Azeez",5903
NG,"Gbenga",5890
NG,"Collins",5805
NG,"Vincent",5804
NG,"Matthew",5802
NG,"Jamilu",5768
NG,"Sadiq",5743
NG,"Philip",5700
NG,"Augustine",5700
NG,"Bright",5608
NG,"Idowu",5562
NG,"Mark",5562
NG,"Murtala",5526
NG,"Emma",5511
NG,"Abraham",5503
NG,"Ojo",5497
NG,"Ezekiel",5411
NG,"Ademola",5389
NG,"Mubarak",5375
NG,"Olawale",5374
NG,"Saheed",5368
NG,"Adeniyi",5339
NG,"Ajayi",5338
NG,"Timothy",5331
NG,"Uchenna",5283
NG,"Lawrence",5247
NG,"Simon",5235
NG,"Andrew",5229
NG,"Hamza",5176
NG,"Chidi",5141
NG,"Ugochukwu",5067
NG,"Ola",5031
NG,"Afolabi",5010
NG,"Dauda",5002
NG,"Jimoh",4916
NG,"Akeem",4903
NG,"Amos",4895
NG,"Austin",4881
NG,"Wisdom",4846
NG,"Anas",4837
NG,"Olanrewaju",4798
NG,"Abdulrahman",4780
NG,"Jerry",4741
NG,"Ayodele",4735
NG,"Olalekan",4714
NG,"Okechukwu",4696
NG,"Bala",4688
NG,"Williams",4648
NG,"Jonathan",4627
NG,"Kabir",4619
NG,"Kazeem",4578
NG,"Don",4575
NG,"Nnamdi",4468
NG,"Ben",4447
NG,"Chukwudi",4431
NG,"Clement",4430
NG,"Julius",4404
NG,"Kolawole",4400
NG,"Hussaini",4328
NG,"Wasiu",4281
NG,"Chuks",4236
NG,"Festus",4225
NG,"Israel",4214
NG,"Garba",4203
NG,"Sanusi",4192
NG,"Isa",4170
NG,"Baba",4101
NG,"Ibraheem",4078
NG,"Jacob",4070
NG,"Sam",4058
NG,"Nelson",4020
NG,"Joel",3992
NG,"Olusegun",3980
NG,"Abu",3977
NG,"Chijioke",3975
NG,"Shuaibu",3970
NG,"Gideon",3959
NG,"Martins",3907
NG,"Olatunji",3905
NG,"Opeyemi",3862
NG,"Thomas",3856
NG,"Kelechi",3844
NG,"Engr",3797
NG,"Chima",3760
NG,"Promise",3747
NG,"Adams",3719
NG,"Ayo",3717
NG,"Abbas",3712
NG,"Lukman",3682
NG,"Balogun",3674
NG,"Oluwafemi",3670
NG,"Babangida",3651
NG,"Ayuba",3648
NG,"Salihu",3645
NG,"Ernest",3606
NG,"Nasir",3600
NG,"Austine",3598
NG,"Oluwaseun",3573
NG,"Olayinka",3573
NG,"Saidu",3571
NG,"Mathew",3541
NG,"Joe",3540
NG,"Chigozie",3520
NG,"Nuhu",3517
NG,"Buhari",3499
NG,"Ebuka",3495
NG,"Elijah",3435
NG,"Chukwuemeka",3420
NG,"Precious",3403
NG,"Abdulkadir",3398
NG,"Adeleke",3393
NG,"Eric",3392
NG,"Ikenna",3330
NG,"Auwalu",3320
NG,"Ndubuisi",3316
NG,"Abayomi",3305
NG,"Onyeka",3301
NG,"Temitope",3279
NG,"Raphael",3269
NG,"Chibuike",3247
NG,"Rasheed",3244
NG,"Ayodeji",3231
NG,"Jamiu",3228
NG,"Raymond",3222
NG,"Olajide",3222
NG,"Kunle",3210
NG,"Lateef",3206
NG,"Young",3196
NG,"Muhd",3191
NG,"Mukhtar",3190
NG,"Hammed",3180
NG,"Alabi",3177
NG,"Owolabi",3152
NG,"Nurudeen",3144
NG,"Sylvester",3140
NG,"Tochukwu",3136
NG,"Dahiru",3135
NG,"Dennis",3125
NG,"Olufemi",3123
NG,"Abdulazeez",3116
NG,"Chukwuma",3107
NG,"Obi",3101
NG,"Bamidele",3093
NG,"Olamilekan",3070
NG,"Chinonso",3068
NG,"Tajudeen",3056
NG,"Lawan",3051
NG,"Wale",3047
NG,"Fatai",2996
NG,"Ishaq",2990
NG,"Olumide",2958
NG,"Pius",2955
NG,"Ade",2944
NG,"Mahmud",2932
NG,"William",2918
NG,"Fidelis",2895
NG,"Hamisu",2892
NG,"Abiola",2863
NG,"Ekene",2859
NG,"Steve",2859
NG,"Ejike",2850
NG,"Yunusa",2845
NG,"Seun",2835
NG,"Jibrin",2821
NG,"Nafiu",2812
NG,"Iyke",2790
NG,"Abel",2785
NG,"Kenny",2768
NG,"Suleman",2752
NG,"Akinola",2724
NG,"Destiny",2706
NG,"Olamide",2695
NG,"Desmond",2695
NG,"Abdulsalam",2691
NG,"Alhassan",2680
NG,"Jeremiah",2677
NG,"Danjuma",2671
NG,"Bolaji",2648
NG,"Oladele",2637
NG,"Fred",2632
NG,"Valentine",2622
NG,"Okafor",2614
NG,"Sunusi",2597
NG,"Ayomide",2590
NG,"Mohammad",2576
NG,"Robert",2569
NG,"Edwin",2566
NG,"Samaila",2557
NG,"Arinze",2556
NG,"Franklin",2537
NG,"Chidiebere",2534
NG,"Rotimi",2532
NG,"Justice",2526
NG,"Igwe",2507
NG,"Tijjani",2504
NG,"Maxwell",2502
NG,"Tijani",2497
NG,"Ismaila",2495
NG,"Muktar",2489
NG,"Nonso",2489
NG,"Olaniyi",2472
NG,"Dan",2468
NG,"Thankgod",2466
NG,"Bassey",2465
NG,"Alexander",2445
NG,"Isaiah",2443
NG,"Mansur",2443
NG,"Emmy",2442
NG,"Shamsu",2438
NG,"Abdulmalik",2438
NG,"Blessing",2432
NG,"Chika",2402
NG,"Oladimeji",2397
NG,"Olusola",2390
NG,"Adedeji",2367
NG,"Shafiu",2362
NG,"Edward",2358
NG,"Favour",2355
NG,"Shola",2351
NG,"Okey",2342
NG,"Chimezie",2333
NG,"Kamal",2332
NG,"Chukwu",2327
NG,"Wilson",2316
NG,"Alfred",2310
NG,"Godswill",2307
NG,"Lanre",2305
NG,"Tosin",2299
NG,"Olatunde",2294
NG,"Dominic",2282
NG,"King",2281
NG,"Ubong",2270
NG,"Audu",2268
NG,"Donald",2231
NG,"Sulaimon",2221
NG,"Oluwole",2215
NG,"Chibuzor",2214
NG,"Ebenezer",2204
NG,"Ganiyu",2183
NG,"Simeon",2172
NG,"Babalola",2146
NG,"Adebisi",2124
NG,"Dare",2117
NG,"Steven",2117
NG,"Onyebuchi",2113
NG,"Adeoye",2100
NG,"Adeola",2095
NG,"Oliver",2092
NG,"Saleh",2077
NG,"Celestine",2073
NG,"Oluwasegun",2064
NG,"Okeke",2059
NG,"Shamsuddeen",2059
NG,"Nicholas",2058
NG,"Sammy",2055
NG,"Sodiq",2052
NG,"Jibril",2048
NG,"Mohd",2031
NG,"Basiru",2028
NG,"Smart",2028
NG,"Ajibola",2027
NG,"Tope",2017
NG,"Nathaniel",2014
NG,"Salami",2012
NG,"Afeez",1997
NG,"Olayiwola",1995
NG,"Ken",1994
NG,"Akin",1983
NG,"Moshood",1982
NG,"Nwachukwu",1982
NG,"Ogbonna",1970
NG,"Adesina",1966
NG,"Cyril",1964
NG,"Chibueze",1961
NG,"Okoro",1955
NG,"Adegoke",1951
NG,"Kennedy",1946
NG,"Onyekachi",1940
NG,"Isiaka",1939
NG,"Sule",1936
NG,"Gambo",1930
NG,"Caleb",1929
NG,"Habibu",1925
NG,"Ashiru",1925
NG,"Adeyemo",1922
NG,"Elvis",1918
NG,"Adedayo",1911
NG,"Benedict",1904
NG,"Martin",1902
NG,"Ugwu",1896
NG,"Benson",1891
NG,"Dele",1887
NG,"Kareem",1879
NG,"Harrison",1879
NG,"Bashar",1863
NG,"Sanni",1859
NG,"Abdullah",1854
NG,"Goodluck",1854
NG,"Godspower",1851
NG,"Godfrey",1849
NG,"Kelly",1848
NG,"Ayoola",1848
NG,"Dickson",1847
NG,"Linus",1842
NG,"Ridwan",1836
NG,"Lekan",1836
NG,"Taofeek",1833
NG,"Andy",1831
NG,"Olabode",1829
NG,"Olasunkanmi",1827
NG,"Seyi",1826
NG,"Dada",1819
NG,"Yemi",1815
NG,"Sabiu",1813
NG,"Adeshina",1812
NG,"Abdulrasheed",1812
NG,"Olakunle",1811
NG,"Bashiru",1810
NG,"Dayo",1799
NG,"Omotayo",1797
NG,"Ayobami",1795
NG,"Oke",1794
NG,"Raji",1780
NG,"Sagir",1780
NG,"Albert",1778
NG,"Abbakar",1775
NG,"Jackson",1771
NG,"Saminu",1770
NG,"Etz",1766
NG,"Adebowale",1764
NG,"Kalu",1761
NG,"Abdulaziz",1759
NG,"Danladi",1758
NG,"Babagana",1758
NG,"Wf",1757
NG,"Akinyemi",1742
NG,"Bayo",1736
NG,"Adetunji",1732
NG,"Izuchukwu",1732
NG,"Darlington",1727
NG,"Yusif",1726
NG,"Sadeeq",1723
NG,"Akande",1713
NG,"Tobi",1691
NG,"Abdulkareem",1690
NG,"Gift",1689
NG,"Reuben",1688
NG,"Kola",1688
NG,"Ado",1673
NG,"Uzoma",1670
NG,"Adeyinka",1668
NG,"Prosper",1666
NG,"Theophilus",1665
NG,"Tayo",1659
NG,"Habeeb",1653
NG,"Hakeem",1652
NG,"Magaji",1645
NG,"Tasiu",1638
NG,"Ishola",1628
NG,"Yinka",1625
NG,"Nnaemeka",1624
NG,"Mayowa",1622
NG,"Osita",1619
NG,"Agboola",1617
NG,"Alh",1617
NG,"Zakari",1613
NG,"Oluwaseyi",1597
NG,"Saifullahi",1597
NG,"Bakare",1592
NG,"Abdurrahman",1589
NG,"Abdulhamid",1587
NG,"Shittu",1586
NG,"Evans",1585
NG,"Oladipupo",1583
NG,"Miracle",1579
NG,"Smith",1577
NG,"Damilola",1577
NG,"Habib",1568
NG,"Khalid",1567
NG,"Silas",1563
NG,"Louis",1563
NG,"Waheed",1559
NG,"Oluwatosin",1557
NG,"Bukar",1556
NG,"Muazu",1553
NG,"Otunba",1552
NG,"Popoola",1551
NG,"Cletus",1549
NG,"Ugo",1543
NG,"Oni",1537
NG,"Aliu",1536
NG,"Og",1536
NG,"Harry",1536
NG,"Olayemi",1535
NG,"Iliyasu",1535
NG,"Larry",1535
NG,"Ephraim",1528
NG,"Jonah",1526
NG,"Titus",1525
NG,"Ike",1518
NG,"Roland",1514
NG,"Rasaq",1512
NG,"Jide",1512
NG,"Okoye",1505
NG,"Sola",1503
NG,"Yahya",1497
NG,"Kevin",1490
NG,"Musbahu",1489
NG,"Olugbenga",1489
NG,"Hon",1484
NG,"Obiora",1484
NG,"Adeniran",1479
NG,"Tukur",1473
NG,"Bernard",1472
NG,"Ajibade",1465
NG,"Chisom",1464
NG,"Bankole",1464
NG,"Abbey",1462
NG,"Naziru",1457
NG,"Uchechukwu",1452
NG,"Faruk",1446
NG,"Damilare",1443
NG,"Abdulkarim",1441
NG,"Nazifi",1437
NG,"Zubairu",1432
NG,"Uthman",1431
NG,"Dave",1426
NG,"Amadi",1423
NG,"Olu",1421
NG,"Oscar",1420
NG,"Olaitan",1420
NG,"Rufai",1418
NG,"Sikiru",1408
NG,"Oladapo",1405
NG,"Umaru",1401
NG,"Divine",1397
NG,"Zaharaddeen",1396
NG,"Bitrus",1393
NG,"Bilyaminu",1392
NG,"Yomi",1389
NG,"Chukwuebuka",1387
NG,"Shaibu",1383
NG,"Iliya",1379
NG,"Muritala",1370
NG,"Abass",1361
NG,"Anayo",1360
NG,"Donatus",1358
NG,"Oyewole",1357
NG,"Paschal",1354
NG,"Faisal",1347
NG,"Amaechi",1346
NG,"Ayeni",1344
NG,"Adeleye",1343
NG,"Osas",1342
NG,"Abdulwahab",1336
NG,"Rafiu",1336
NG,"Jimmy",1329
NG,"Abimbola",1328
NG,"Basil",1325
NG,"Elisha",1325
NG,"Ani",1323
NG,"Thompson",1316
NG,"Clinton",1316
NG,"Adewumi",1314
NG,"Adepoju",1313
NG,"Aremu",1312
NG,"Okonkwo",1310
NG,"Justin",1307
NG,"Ishaku",1307
NG,"Eddy",1305
NG,"Badmus",1301
NG,"Leonard",1301
NG,"Raheem",1298
NG,"Eugene",1291
NG,"Kvng",1290
NG,"Bishop",1288
NG,"Orji",1288
NG,"Nwankwo",1287
NG,"Fredrick",1285
NG,"Yau",1284
NG,"Oluwa",1278
NG,"Surajo",1278
NG,"Sheriff",1273
NG,"Basheer",1273
NG,"Niyi",1273
NG,"Ambrose",1265
NG,"Yusuff",1256
NG,"Akintunde",1256
NG,"Abdallah",1255
NG,"Saviour",1255
TM,"Serdar",156
TM,"Merdan",114
TM,"Arslan",112
TM,"Maksat",97
TM,"Azat",95
TM,"Batyr",79
TM,"Mekan",78
TM,"Murat",75
TM,"Myrat",68
TM,"Ruslan",65
TM,"Ahmet",63
TM,"Muhammet",61
TM,"Сергей",55
TM,"Руслан",53
TM,"Eziz",53
TM,"Bayram",53
TM,"Александр",51
TM,"Rustam",48
TM,"Батыр",46
TM,"Aziz",43
TM,"Nazar",42
TM,"Dovran",41
TM,"Begench",41
TM,"Aman",40
TM,"Рустам",40
TM,"Shohrat",40
TM,"Meylis",39
TM,"Kerim",38
TM,"Андрей",36
TM,"Atajan",36
TM,"Мердан",36
TM,"Dovlet",35
TM,"Ali",35
TM,"Сердар",35
TM,"Parahat",33
TM,"Murad",32
TM,"Dowlet",32
TM,"Didar",31
TM,"Mergen",29
TM,"Azamat",28
TM,"Максат",28
TM,"Rovshen",26
TM,"Wepa",26
TM,"Gurban",26
TM,"Bahtiyar",26
TM,"Suleyman",25
TM,"Yusup",25
TM,"Kakajan",25
TM,"Евгений",25
TM,"Ata",23
TM,"Vepa",23
TM,"Bega",23
TM,"Владимир",23
TM,"Guvanch",23
TM,"Andrey",23
TM,"Dowran",22
TM,"Yunus",22
TM,"Арслан",22
TM,"Oraz",22
TM,"Тимур",22
TM,"Мурад",22
TM,"Berdi",21
TM,"Chary",21
TM,"Алексей",20
TM,"Rasul",20
TM,"Yhlas",20
TM,"Islam",20
TM,"Kemal",19
TM,"Довран",19
TM,"Timur",19
TM,"Азиз",19
TM,"Бегенч",19
TM,"Артур",19
TM,"Guwanch",18
TM,"Dima",17
TM,"Павел",17
TM,"Мекан",17
TM,"Atabek",17
TM,"Eldar",17
TM,"Байрам",17
TM,"Мурат",17
TM,"Shatlyk",17
TM,"Sergey",17
TM,"Agajan",16
TM,"Виталий",16
TM,"Максим",16
TM,"Alisher",16
TM,"Begenc",16
TM,"Perman",15
TM,"Azim",15
TM,"Resul",15
TM,"Erkin",15
TM,"Дмитрий",15
TM,"Bahram",15
TM,"Denis",15
TM,"Mansur",15
TM,"Begli",14
TM,"Kurban",14
TM,"Aleksandr",14
TM,"Азат",14
TM,"Ilyas",14
TM,"Эльдар",14
TM,"Михаил",14
TM,"Игорь",13
TM,"Довлет",13
TM,"Babajan",13
TM,"Rahman",13
TM,"Oleg",13
TM,"Артем",12
TM,"Perhat",12
TM,"Роман",12
TM,"Ahmed",12
TM,"Yazgeldi",12
TM,"Ровшан",12
TM,"Чары",12
TM,"Rustem",12
TM,"Олег",12
TM,"Zakir",12
TM,"Roman",12
TM,"Николай",11
TM,"Шохрат",11
TM,"Ikram",11
TM,"Nury",11
TM,"Ислам",11
TM,"Гуванч",11
TM,"Artur",11
TM,"Денис",10
TM,"Sapar",10
TM,"Dmitriy",10
TM,"Dayanch",10
TM,"Atash",10
TM,"Юсуп",10
TM,"Emir",10
TM,"Hangeldi",10
TM,"Han",10
TM,"Farhat",10
TM,"Guwanc",10
TM,"Rahym",10
TM,"Juma",10
TM,"Umit",10
TM,"Gaygysyz",10
TM,"Hemra",10
TM,"Musa",10
TM,"David",10
TM,"Арсен",10
TM,"Meret",10
TM,"Alex",10
TM,"Muhammed",10
TM,"Toyly",9
TM,"Maks",9
TM,"Керим",9
TM,"Юрий",9
TM,"Cary",9
TM,"Allamyrat",9
TM,"Arif",9
TM,"Allanur",9
TM,"Ахмед",9
TM,"Dayanc",9
TM,"Mustafa",9
TM,"Atamyrat",9
TM,"Мухаммет",9
TM,"Sohbet",9
TM,"Abdulla",9
TM,"Tahir",9
TM,"Али",9
TM,"Мамед",9
TM,"Konstantin",9
TM,"Nurgeldi",9
TM,"Omar",9
TM,"Pena",9
TM,"Виктор",9
TM,"Ylham",9
TM,"Osman",9
TM,"Бахтияр",9
TM,"Akmurat",8
TM,"Begmyrat",8
TM,"Ihlas",8
TM,"Sanjar",8
TM,"Кемал",8
TM,"Ivan",8
TM,"Расул",8
TM,"Max",8
TM,"Rejep",8
TM,"Rowshen",8
TM,"Pavel",8
TM,"Vlad",8
TM,"Misha",8
TM,"Davlet",8
TM,"Agamyrat",8
TM,"Bezirgen",8
TM,"Anton",8
TM,"Давид",8
TM,"Umyt",8
TM,"Антон",8
TM,"Дима",8
TM,"Вячеслав",7
TM,"Эркин",7
TM,"Emin",7
TM,"Nurmuhammet",7
TM,"Selim",7
TM,"Yusuf",7
TM,"Эзиз",7
TM,"Марат",7
TM,"Kakysh",7
TM,"Zaur",7
TM,"Nurik",7
TM,"Nariman",7
TM,"Akmyrat",7
TM,"Serik",7
TM,"Мейлис",7
TM,"Nowruz",7
TM,"Samir",7
TM,"Seyit",7
TM,"Esen",7
TM,"Эдуард",7
TM,"Aga",7
TM,"Aybek",7
TM,"Артём",7
TM,"Вадим",7
TM,"Ахмет",7
TM,"Шакир",7
TM,"Boris",7
TM,"Bagtyyar",7
TM,"Umid",7
TM,"Ismail",7
TM,"Aymyrat",7
TM,"Rovsen",7
TM,"Бахрам",7
TM,"Нурик",7
TM,"Mamed",7
TM,"Рахим",7
TM,"Анвар",7
TM,"Ulugbek",7
TM,"Курбан",7
TM,"Gadam",7
TM,"Bashim",6
TM,"Batya",6
TM,"Саша",6
TM,"Berdimyrat",6
TM,"Григорий",6
TM,"Kakamyrat",6
TM,"Nepes",6
TM,"Yslam",6
TM,"Mukam",6
TM,"Muhammetnazar",6
TM,"Айдын",6
TM,"Mehmet",6
TM,"Алишер",6
TM,"Maksim",6
TM,"Mahmut",6
TM,"Атаджан",6
TM,"Валерий",6
TM,"Ylyas",6
TM,"Nuryagdy",6
TM,"Ovez",6
TM,"Rowsen",6
TM,"Shamuhammet",6
TM,"Suhrab",6
TM,"Sapa",6
TM,"Roma",6
TM,"Vladimir",6
TM,"Ramis",6
TM,"Vadim",6
TM,"Polat",6
TM,"Влад",6
TM,"Георгий",6
TM,"Мухаммед",6
TM,"Guga",6
TM,"Константин",6
TM,"Faruh",6
TM,"Мансур",6
TM,"Мерген",6
TM,"Durdy",6
TM,"Ilham",6
TM,"Igor",6
TM,"Hajy",6
TM,"Ibragim",6
TM,"Hydyr",6
TM,"Hasan",6
TM,"Ibrahim",6
TM,"Aslan",6
TM,"Тахир",6
TM,"Anvar",6
TM,"Atashka",6
TM,"Akmuhammet",6
TM,"Юра",6
TM,"Allaberdi",6
TM,"Artem",6
TM,"Рамис",5
TM,"Berdy",5
TM,"Kadyr",5
TM,"Ата",5
TM,"Рашид",5
TM,"Макс",5
TM,"Хемра",5
TM,"Парахат",5
TM,"Begenç",5
TM,"Армен",5
TM,"Ramazan",5
TM,"Аман",5
TM,"Rahat",5
TM,"Nurmyrat",5
TM,"Анатолий",5
TM,"Rahim",5
TM,"Bay",5
TM,"Baymyrat",5
TM,"Nurberdi",5
TM,"Nurali",5
TM,"Yashka",5
TM,"Фарух",5
TM,"Hoja",5
TM,"Sohrat",5
TM,"Vagif",5
TM,"Daniyar",5
TM,"Jepbar",5
TM,"Zafar",5
TM,"Kerwen",5
TM,"Dawlet",5
TM,"Вепа",5
TM,"Dowletgeldi",5
TM,"Dawut",5
TM,"Atas",5
TM,"Amangeldi",5
TM,"John",5
TM,"Dortguly",5
TM,"Назар",5
TM,"Atahan",5
TM,"Kadir",5
TM,"Язгелди",5
TM,"Улугбек",5
TM,"Батя",5
TM,"Баха",5
TM,"Muha",5
TM,"Kuwwat",5
TM,"Kuvvat",5
TM,"Abdullah",5
TM,"Toyli",5
TM,"Нуры",5
TM,"Eduard",5
TM,"Jahangir",5
TM,"Ashyr",5
TM,"Берди",5
TM,"Tolik",5
TM,"Yura",5
TM,"Rovshan",5
TM,"Farhad",5
TM,"Сейран",5
TM,"Azizbek",5
TM,"Ильяс",5
TM,"Илья",5
TM,"Карен",5
TM,"Yakup",5
TM,"Marat",5
TM,"Азим",5
TM,"Bahadur",5
TM,"Алекс",5
TM,"Ибрагим",5
TM,"Seyran",5
TM,"Alihan",5
TM,"Alijan",5
TM,"Shageldi",5
TM,"Babamurat",4
TM,"Tore",4
TM,"Elvin",4
TM,"Elman",4
TM,"Sunnet",4
TM,"Ихтияр",4
TM,"Guwanç",4
TM,"Исмаил",4
TM,"Иван",4
TM,"Muhamet",4
TM,"Ashir",4
TM,"Suhrap",4
TM,"Isa",4
TM,"Sasha",4
TM,"Какаджан",4
TM,"Алик",4
TM,"Ymam",4
TM,"Satlyk",4
TM,"Iskander",4
TM,"Nazim",4
TM,"Ilmurat",4
TM,"Умид",4
TM,"Arsen",4
TM,"Богдан",4
TM,"Миша",4
TM,"Amir",4
TM,"Atamurat",4
TM,"Owez",4
TM,"Devlet",4
TM,"Владислав",4
TM,"Murik",4
TM,"Amin",4
TM,"Karen",4
TM,"Muzaffar",4
TM,"Kamil",4
TM,"Sabir",4
TM,"Atageldi",4
TM,"Мырат",4
TM,"Станислав",4
TM,"Said",4
TM,"Shamyrat",4
TM,"Shakir",4
TM,"Борис",4
TM,"Алан",4
TM,"Сулейман",4
TM,"Guvanc",4
TM,"Danatar",4
TM,"Вагиф",4
TM,"Daniel",4
TM,"Jemshit",4
TM,"Rufat",4
TM,"Эльвин",4
TM,"Davut",4
TM,"Jeyhun",4
TM,"Orazmuhammet",4
TM,"Ашир",4
TM,"Anwar",4
TM,"Arazik",4
TM,"Рахман",4
TM,"Альберт",4
TM,"Batir",4
TM,"Bek",4
TM,"Ramiz",4
TM,"Malik",4
TM,"Yazik",4
TM,"Аскер",4
TM,"Rashid",4
TM,"Abdul",4
TM,"Rasim",4
TM,"Шаназар",4
TM,"Gafur",4
TM,"Фархад",4
TM,"Hezret",4
TM,"Beg",4
TM,"Alexander",4
TM,"Mahmud",4
TM,"Ринат",4
TM,"Фархат",4
TM,"Şohrat",4
TM,"Michael",4
TM,"Заур",4
TM,"Аташ",4
TM,"Кирилл",4
TM,"Рамиль",4
TM,"Rawshan",4
TM,"Balkan",4
TM,"Юнус",4
TM,"Umar",4
TM,"Baky",4
TM,"Artyk",4
TM,"Alik",4
TM,"Agamurat",4
TM,"Гельды",3
TM,"Zarif",3
TM,"Искандер",3
TM,"Haydar",3
TM,"Rahmet",3
TM,"Иса",3
TM,"Nuri",3
TM,"Хабиб",3
TM,"Viktor",3
TM,"Yaran",3
TM,"Hekim",3
TM,"Якуп",3
TM,"Annamyrat",3
TM,"Döwlet",3
TM,"Тойлы",3
TM,"Arsi",3
TM,"Armen",3
TM,"Hakim",3
TM,"Зафар",3
TM,"Halmyrat",3
TM,"Dova",3
TM,"Nurulla",3
TM,"Agamurad",3
TM,"Тима",3
TM,"Araz",3
TM,"Муслим",3
TM,"Jumash",3
TM,"Geldi",3
TM,"Ahmad",3
TM,"Тельман",3
TM,"Dovletgeldi",3
TM,"Мухамед",3
TM,"Jumanazar",3
TM,"Geldimyrat",3
TM,"Owezgeldi",3
TM,"Recep",3
TM,"Эмиль",3
TM,"Nizam",3
TM,"Artyom",3
TM,"Yazmyrat",3
TM,"Umitjan",3
TM,"Adyl",3
TM,"Vyacheslav",3
TM,"Ishan",3
TM,"Умар",3
TM,"Хасан",3
TM,"Hosgeldi",3
TM,"Novruz",3
TM,"Izzat",3
TM,"Ihtiyar",3
TM,"Камил",3
TM,"Nikita",3
TM,"Ilya",3
TM,"Imam",3
TM,"Yhtyyar",3
TM,"Nick",3
TM,"Давран",3
TM,"Tirkish",3
TM,"Elchin",3
TM,"Yuriy",3
TM,"Yagmyr",3
TM,"Тофик",3
TM,"Habib",3
TM,"Эрик",3
TM,"Vitaliy",3
TM,"Arslanbek",3
TM,"Давлет",3
TM,"Emil",3
TM,"Леонид",3
TM,"Agageldi",3
TM,"Эльман",3
TM,"Firuz",3
TM,"Расим",3
TM,"Aleksey",3
TM,"Muhammetali",3
TM,"Baha",3
TM,"Bahadir",3
TM,"Mardan",3
TM,"Анар",3
TM,"Suraj",3
TM,"Бега",3
TM,"Атамурат",3
TM,"Süleyman",3
TM,"Alexandr",3
TM,"Боря",3
TM,"Никита",3
TM,"Babur",3
TM,"Shadurdy",3
TM,"Азамат",3
TM,"Salyh",3
TM,"Атажан",3
TM,"Muhammetmyrat",3
TM,"Muhammad",3
TM,"Рамазан",3
TM,"Leyla",3
TM,"Bahtyyar",3
TM,"Самвел",3
TM,"Mohammed",3
TM,"Mohammad",3
TM,"Bally",3
TM,"Бабаджан",3
TM,"Stas",3
TM,"Aly",3
TM,"Ораз",3
TM,"Basim",3
TM,"Султан",3
TM,"Meretgeldi",3
TM,"Man",3
TM,"Sapaly",3
TM,"Самир",3
TM,"Бахадир",3
TM,"Saparmurat",3
TM,"Kyamran",3
TM,"Can",3
TM,"Saparmyrat",3
TM,"Kyyas",3
TM,"Meýlis",3
TM,"Шатлык",3
TM,"Maxim",3
TM,"Назим",3
TM,"Sherali",3
TM,"Slavik",3
TM,"Alan",3
TM,"Atanazar",3
TM,"Abdylla",3
TM,"Dawran",3
TM,"Shanazar",3
TM,"Гахрыман",3
TM,"Kaka",3
TM,"Baýram",3
TM,"Рома",3
TM,"Myratgeldi",3
TM,"Sahet",3
TM,"Tahyr",3
TM,"Ресул",3
TM,"Габит",3
TM,"Dida",3
TM,"Василий",3
TM,"Алим",3
TM,"Dastan",3
TM,"Валера",3
TM,"Lion",3
TM,"Azym",3
TM,"Danil",3
TM,"Айбек",3
TM,"Albert",3
TM,"Alibek",3
