# Quelle: worldnames.xyz — most-common-surnames-in-romania, abgerufen 02.10.2026
# rang<TAB>name<TAB>traeger
1	Popa	6000
2	Pop	5200
3	Popescu	4400
4	Radu	3400
5	Dumitru	2700
6	Stoica	2700
7	Stan	2600
8	Matei	2400
9	Rusu	2400
10	Moldovan	2400
11	Mihai	2400
12	Ionescu	2400
13	Gheorghe	2300
14	Constantin	2200
15	Florea	2000
16	Ciobanu	2000
17	Marin	2000
18	Munteanu	1900
19	Vasile	1900
20	Ilie	1900
21	Oprea	1800
22	Stanciu	1800
23	Toma	1800
24	Nagy	1800
25	Sandu	1700
26	Ungureanu	1700
27	Tudor	1600
28	Cristea	1600
29	Barbu	1600
30	Ion	1600
31	Andrei	1600
32	Lazăr	1500
33	Anghel	1500
34	Şerban	1500
35	Ştefan	1500
36	Dinu	1500
37	Rus	1500
38	Neagu	1500
39	Vlad	1400
40	Lupu	1400
41	Roman	1400
42	Dragomir	1400
43	Enache	1300
44	Iancu	1300
45	Coman	1300
46	Badea	1300
47	Ivan	1300
48	Szabo	1300
49	Mocanu	1300
50	Lungu	1300
51	Iordache	1300
52	Dumitrescu	1300
53	David	1200
54	Cojocaru	1200
55	Nistor	1200
56	Luca	1200
57	Grigore	1200
58	Filip	1200
59	Preda	1200
60	Avram	1200
61	Costea	1200
62	Crăciun	1200
63	Dobre	1200
64	Iacob	1200
65	Varga	1200
66	Suciu	1200
67	Pavel	1100
68	Ene	1100
69	Voicu	1100
70	Kovacs	1100
71	Nicolae	1100
72	Simion	1100
73	Petre	1100
74	Manea	1100
75	Ioniţă	1100
76	Marcu	1100
77	Tănase	1100
78	Olteanu	1100
79	Stoian	1100
80	Muntean	1100
81	Diaconu	1000
82	Mureşan	1000
83	Bucur	1000
84	Bogdan	1000
85	Dan	1000
86	Ardelean	987
87	Călin	960
88	Stancu	956
89	Baciu	955
90	Drăgan	926
91	Zaharia	917
92	Georgescu	912
93	Rotaru	905
94	Nedelcu	899
95	Constantinescu	897
96	Costache	878
97	Alexandru	864
98	Albu	855
99	Petrescu	849
100	Creţu	833
