Konstrukteur	Fahrer	VORHER woanders	Eigener Konstrukteur	DANACH woanders	F1DB-Befund	Deine Sheet-Notiz	KORREKTUR / ANMERKUNG
Brabham	Jack Brabham	cooper 1955-1961 (40) / maserati 1956 (1)	brabham 1962-1970 (82)	-	kam von woanders, danach Schluss	Konstrukteur bleibt nach Karriereende/Tod bestehen	
Surtees	John Surtees	lotus 1960 (4) / cooper 1961-1966 (15) / lola 1962 (9) / ferrari 1963-1966 (30) / honda 1967-1968 (21) / brm 1969 (10) / mclaren 1970 (4)	surtees 1970-1972 (20)	-	kam von woanders, danach Schluss	Konstrukteur bleibt bestehen	
McLaren	Bruce McLaren	cooper 1958-1965 (64)	mclaren 1966-1970 (37)	-	kam von woanders, danach Schluss	Konstrukteur bleibt bestehen	ANMERKUNG: fuhr 1967 drei Rennen fuer EAGLE, waehrend er McLaren besass.
Aston Martin	Lance Stroll	williams 2017-2018 (41) / racing-point 2019-2020 (37)	aston-martin 2021-2026 (117)	-	kam von woanders, danach Schluss	bleibt bestehen; Sohn des Besitzers	
Shadow	Jackie Oliver	lotus 1967-1968 (11) / brm 1969-1972 (24) / mclaren 1971 (3)	shadow 1973-1977 (14)	-	kam von woanders, danach Schluss	Konstrukteur bleibt bestehen	
Embassy Hill	Graham Hill	lotus 1958-1970 (61) / brm 1960-1966 (64) / brabham 1971-1972 (23) / shadow 1973 (12) / lola 1974-1975 (18)	hill 1975 (1)	-	kam von woanders, danach Schluss		
Fittipaldi	Emerson Fittipaldi	lotus 1970-1973 (43) / mclaren 1974-1975 (29)	fittipaldi 1976-1980 (77)	-	kam von woanders, danach Schluss	beide Fittipaldi - schwierig	
Fittipaldi	Wilson Fittipaldi	brabham 1972-1973 (25)	fittipaldi 1975 (13)	-	kam von woanders, danach Schluss	beide Fittipaldi - schwierig	
Eagle	Dan Gurney	ferrari 1959 (4) / brm 1960 (7) / porsche 1961-1962 (15) / lotus 1962 (1)	eagle 1966-1968 (24)	mclaren 1968-1970 (6)	fuhr DANACH noch woanders		
Merzario	Arturo Merzario	ferrari 1972-1973 (11) / iso-marlboro 1974 (15) / frank-williams-racing-cars 1975 (6) / fittipaldi 1975 (1) / wolf-williams 1976 (7) / march 1976-1977 (14) / shadow 1977 (1)	merzario 1978-1979 (30)	-	kam von woanders, danach Schluss		
Rebaque	Héctor Rebaque	hesketh 1977 (6) / lotus 1978-1979 (27)	rebaque 1979 (3)	brabham 1980-1981 (22)	fuhr DANACH noch woanders	er kann selbst wechseln, dann stirbt der Konstrukteur	BESTAETIGT: dein Zweifel trifft zu. Hesketh -> Lotus -> eigener Konstrukteur 1979 -> Brabham 1980/81. Konstrukteur starb, Fahrer fuhr weiter.
Amon	Chris Amon	lola 1963 (7) / lotus 1963-1965 (12) / brabham 1965-1966 (2) / cooper 1966 (1) / ferrari 1967-1969 (27) / march 1970 (13) / matra 1971-1972 (22) / tecno 1973 (5) / tyrrell 1973 (2) / brm 1974 (2)	amon 1974 (4)	ensign 1975-1976 (10) / wolf-williams 1976 (1)	fuhr DANACH noch woanders		
JBW	Brian Naylor	cooper 1957-1958 (2)	jbw 1959-1961 (6)	-	kam von woanders, danach Schluss	eigener Wagen fuer sich alleine, verschwindet mit ihm	
Bellasi	Silvio Moser	brabham 1966-1969 (13) / cooper 1967 (1)	bellasi 1970-1971 (6)	-	kam von woanders, danach Schluss	eigener Wagen fuer sich alleine, verschwindet mit ihm	
Apollon	Loris Kessel	brabham 1976 (5)	apollon 1977 (1)	-	kam von woanders, danach Schluss	eigener Wagen fuer sich alleine, verschwindet mit ihm	
LEC	David Purley	march 1973 (5) / token 1974 (1)	lec 1977 (5)	-	kam von woanders, danach Schluss		
Gilby	Keith Greene	cooper 1959-1960 (2)	gilby 1961-1962 (3)	-	kam von woanders, danach Schluss	Sohn des Besitzers; fuhr nur fuer diesen Konstrukteur	
Scarab	Lance Reventlow	cooper 1960 (1)	scarab 1960 (3)	-	kam von woanders, danach Schluss		
Scirocco	Tony Settember	emeryson 1962 (2)	scirocco 1963 (5)	-	kam von woanders, danach Schluss	nicht sicher	BESTAETIGT ("nicht sicher"): Emeryson 1962 -> Scirocco 1963.
Behra-Porsche	Jean Behra	gordini 1952-1954 (20) / maserati 1955-1958 (25) / brm 1958 (9) / ferrari 1959 (3)	behra-porsche 1959 (1)	-	kam von woanders, danach Schluss	nicht sicher, fuhr selbst fuer Ferrari	BESTAETIGT ("nicht sicher"): genau 1 Rennen im eigenen Auto gegen lange Werkskarriere (Gordini/Maserati/BRM/Ferrari).
Emeryson	Paul Emery	-	emeryson 1956 (1)	connaught 1958 (1)	fuhr DANACH noch woanders		
Aston Butterworth	Bill Aston	-	aston-butterworth 1952 (3)	-	reiner Ein-Auto-Fall, kein Wechsel		
McGuire	Brian McGuire	-	mcguire 1977 (1)	-	reiner Ein-Auto-Fall, kein Wechsel	eigener Wagen fuer sich alleine, verschwindet mit ihm	
Stebro	Peter Broeker	-	stebro 1963 (1)	-	reiner Ein-Auto-Fall, kein Wechsel	eigener Wagen fuer sich alleine, verschwindet mit ihm	
LDS	Doug Serrurier	-	lds 1962-1965 (3)	-	reiner Ein-Auto-Fall, kein Wechsel	eigener Wagen, verschwindet mit ihm; ein Rennen mit Token	ZWEI FEHLER: (1) "ein Rennen mit Token" falsch - Token 1974 fuhren Pryce/Purley/Ashley, vermutlich mit David Purley verwechselt. (2) kein Ein-Auto-Fall: auch Sam Tingle (1963-68) und Jackie Pretorius (1965) fuhren LDS, der Konstrukteur ueberlebte Serrurier um 3 Jahre.
Alta Special	Peter de Klerk	-	alfa-special 1963-1965 (2)	brabham 1969-1970 (2)	fuhr DANACH noch woanders	eigener Wagen, verschwindet mit ihm	FEHLER umgekehrt: Konstrukteur endete 1965, de Klerk fuhr DANACH noch Brabham (1969/70). Nicht "verschwindet mit ihm".
Veritas	Ernst Loof	-	veritas 1953 (1)	-	reiner Ein-Auto-Fall, kein Wechsel	selbst nur 1x dabei, aber niemals Wechsel	TEILFEHLER: "nur 1x dabei" stimmt (1953), aber Veritas hatte 15 Fahrer - kein Owner-Driver-Auto, sondern breiter Konstrukteur.
Klodwig	Ernst Klodwig	heck 1952-1953 (2)	-	-	fuhr NIE fuer klodwig!		FEHLER: "Klodwig" existiert nicht als Konstrukteur. Ernst Klodwig fuhr HECK (1952/53) - steht bereits auf der Landsmaenner-Liste. Zeile umbenennen oder streichen.
Greifzu	(Dora Greifzu - fuhr nie)	-	greifzu 1953 (1) - Fahrer: Rudolf Krause	-	Fahrer und Konstrukteur passen nicht zusammen	eigener Wagen, mit IHR verschwindet der Konstrukteur	FEHLER: kein Owner-Driver-Fall. Greifzu wurde von RUDOLF KRAUSE gefahren (1953). Paul Greifzu starb 1952 vor dem F1-Einsatz; Dora fuehrte das Team, fuhr aber nie. Zeile streichen.