1	Grigoryan	83700	
2	Sargsyan	81400	
3	Harutyunyan	78700	
4	Hovhannisyan	75000	
5	Khachatryan	71700	
6	Hakobyan	67500	
7	Petrosyan	50300	
8	Vardanyan	49800	
9	Gevorgyan	49500	
10	Karapetyan	48800	
11	Mkrtchyan	44700	
12	Manukyan	43100	
13	Ghazaryan	41700	
14	Avetisyan	41500	
15	Martirosyan	35900	
16	Poghosyan	35800	
17	Sahakyan	33700	
18	Margaryan	29000	
19	Arakelyan	28700	
20	Davtyan	26800	
21	Simonyan	26300	
22	Stepanyan	26300	
23	Galstyan	25700	
24	Hayrapetyan	24800	
25	Muradyan	24600	
26	Gasparyan	24200	
27	Avagyan	22800	
28	Baghdasaryan	22600	
29	Abrahamyan	20700	
30	Asatryan	19800	
31	Hovsepyan	18900	
32	Melkonyan	18300	
33	Minasyan	16600	
34	Kirakosyan	15900	
35	Mkhitaryan	15800	
36	Babayan	15600	
37	Aleksanyan	15300	
38	Barseghyan	14900	
39	Tadevosyan	14800	
40	Yeghiazaryan	13500	
41	Zakaryan	13400	
42	Ohanyan	13300	
43	Mnacakanyan	13300	
44	Movsisyan	13000	
45	Hambardzumyan	12900	
46	Danielyan	12500	
47	Badalyan	12500	
48	Ayvazyan	12400	
49	Torosyan	11600	
50	Tovmasyan	11300	
51	Nersisyan	11100	
52	Nazaryan	11100	
53	Mirzoyan	11000	
54	Antonyan	10600	
55	Gabrielyan	10300	
56	Safaryan	10200	
57	Matevosyan	10100	
58	Kocharyan	9400	
59	Ghukasyan	9300	
60	Melikyan	8700	
61	Adamyan	8600	
62	Mikayelyan	8600	
63	Aslanyan	8500	
64	Oskanyan	8500	
65	Gharibyan	8100	
66	Hovakimyan	8000	
67	Sukiasyan	7900	
68	Aghajanyan	7700	
69	Arzumanyan	7500	
70	Tonoyan	7200	
71	Nikoghosyan	7100	
72	Markosyan	6900	
73	Shahbazyan	6200	
74	Arshakyan	6100	
75	Shahinyan	5700	
76	Soghomonyan	5500	
77	Yesayan	5200	
78	Abgaryan	5200	
79	Hunanyan	5000	
80	Saribekyan	5000	
81	Darbinyan	5000	
82	Aloyan	4800	
83	Makaryan	4700	
84	Alaverdyan	4600	
85	Tumanyan	4600	
86	Nahapetyan	4600	
87	Shahnazaryan	4400	
88	Nalbandyan	4400	
89	Manucharyan	4400	
90	Navasardyan	4300	
91	Dallakyan	4300	
92	Andreasyan	4300	
93	Malkhasyan	4200	
94	Avdalyan	4200	
95	Serobyan	4200	
96	Beglaryan	4100	
97	Avanesyan	4100	
98	Amirkhanyan	4000	
99	Movsesyan	4000	
100	Melkumyan	4000	