1	Sharipova	430700	Sharipov
2	Saidova	342600	Saidov
3	Mirzoeva	293500	Mirzoev
4	Safarova	246700	Safarov
5	Kurbonova	204300	Kurbonov
6	Abdulloeva	198900	Abdulloev
7	Davlatova	188500	Davlatov
8	Boboeva	175400	Boboev
9	Odinaeva	135300	Odinaev
10	Radzhabova	131500	Radzhabov
11	Dzhuraeva	126600	Dzhuraev
12	Rakhmonova	119700	Rakhmonov
13	Akhmedova	113700	Akhmedov
14	Murodova	113100	Murodov
15	Kholova	110800	Kholov
16	Alieva	107400	Aliev
17	Sattorova	101400	Sattorov
18	Nabieva	95400	Nabiev
19	Olimova	83500	Olimov
20	Kamolova	77500	Kamolov
21	Nurova	68700	Nurov
22	Solieva	64200	Soliev
23	Sharifova	64000	Sharifov
24	Sanginova	61900	Sanginov
25	Kurbanova	60000	Kurbanov
26	Barotova	57800	Barotov
27	Shodieva	56100	Shodiev
28	Negmatova	54200	Negmatov
29	Rahmonova	54000	Rahmonov
30	Gulova	50800	Gulov
31	Kholikova	49900	Kholikov
32	Musoeva	45900	Musoev
33	Shoeva	45700	Shoev
34	Karimova	44400	Karimov
35	Samieva	39300	Samiev
36	Khomidova	38600	Khomidov
37	Rizoeva	38200	Rizoev
38	Gadoeva	37800	Gadoev
39	Rozikova	37800	Rozikov
40	Khuseynova	37400	Khuseynov
41	Naimova	37100	Naimov
42	Yuldosheva	36900	Yuldoshev
43	Fayzulloeva	36700	Fayzulloev
44	Nozimova	35900	Nozimov
45	Yorova	34600	Yorov
46	Rahmatova	33300	Rahmatov
47	Nuralieva	32900	Nuraliev
48	Tabarova	32700	Tabarov