1	Armen	50900	
2	Artur	47300	
3	Samvel	29600	
4	Gevorg	27200	
5	Ashot	27000	
6	Arman	23400	
7	Gagik	22000	
8	Vardan	20800	
9	Hayk	20400	
10	Tigran	19800	
11	Hovhannes	19700	
12	Arsen	19400	
13	Aram	19300	
14	Davit	18800	
15	Andranik	17000	
16	Artak	16500	
17	Sargis	15900	
18	Levon	14500	
19	Edgar	13300	
20	Harutyun	13100	
21	Hakob	12800	
22	Suren	12600	
23	Narek	12500	
24	Alvard	11900	
25	Grigor	11500	
26	Robert	10600	
27	Garik	10500	
28	Hamlet	9900	
29	Artyom	9800	
30	Albert	9600	
31	Vahe	9500	
32	Gor	9300	
33	Sergey	9000	
34	Ruben	9000	
35	Nune	8800	
36	Vahan	8400	
37	Gurgen	8200	
38	Rafik	8200	
39	Razmik	8100	
40	Mher	8000	
41	Garnik	7700	
42	Eduard	7400	
43	Arayik	7200	
44	Manvel	6700	
45	Gegham	6700	
46	Khachik	6500	
47	Seryoza	6200	
48	Khachatur	6200	
49	Ararat	6200	
50	Norayr	6000	
51	Vazgen	5900	
52	Vahagn	5800	
53	Vladimir	5800	
54	Norik	5600	
55	Karapet	5500	
56	Edik	5400	
57	Kamo	5400	
58	Volodya	5300	
59	David	5000	
60	Aramayis	5000	
61	Hrant	5000	
62	Hrachya	5000	
63	Yurik	4900	
64	Vachagan	4800	
65	Hovik	4800	
66	Stepan	4800	
67	Arshak	4700	
68	Sevak	4700	
69	Vahram	4500	
70	Nver	4400	
71	Avetik	4300	
72	Mkrtich	4300	
73	Roman	4300	
74	Artashes	4300	
75	Henrik	4200	
76	Garegin	4200	
77	Hrachik	4100	
78	Edvard	4000	
79	Alik	4000	
80	Arkadi	3900	
81	Smbat	3800	
82	Martin	3800	
83	Aleksandr	3800	
84	Misha	3800	
85	Rubik	3800	
86	Mushegh	3700	
87	Varuzan	3600	
88	Vanik	3600	
89	Grisha	3500	
90	Karlen	3500	
91	Mikayel	3500	
92	Azat	3400	
93	Rafayel	3400	
94	Sasun	3400	
95	Manuk	3300	
96	Hrayr	3300	
97	Lyova	3200	
98	Marat	3200	
99	Vrez	3200	
100	Mkhitar	3200	
101	Ruzan	3200	
102	Hrach	3200	
103	Artavazd	3100	
104	Zaven	3100	
105	Erik	3100	
106	Spartak	3100	
107	Taron	3100	
108	Armenak	3000	
109	Petros	3000	
110	Aleksan	3000	
111	Meruzan	3000	
112	Vigen	2900	
113	Vardges	2900	
114	Hovsep	2800	
115	Harut	2800	
116	Artush	2700	
117	Varazdat	2700	
118	Arshaluys	2700	
119	Sahak	2700	
120	Ishkhan	2700	
121	Haykaz	2700	
122	Yervand	2700	
123	Mnacakan	2600	
124	Aghasi	2600	
125	Babken	2600	
126	Surik	2500	
127	Hovo	2500	
128	Serob	2500	
129	Bagrat	2400	
130	Rudik	2300	
131	Shahen	2300	
132	Yuri	2300	
133	Simon	2300	
134	Zirayr	2200	
135	Mamikon	2200	
136	Hambardzum	2200	
137	Sedrak	2200	
138	Koryun	2100	
139	Artem	2100	
140	Rustam	2100	
141	Hmayak	2100	
142	Avetis	2100	
143	Slavik	2100	
144	Georgi	2000	
145	Onik	2000	
146	Vachik	2000	
147	Nikolay	2000	
148	Vaghinak	2000	
149	Anushavan	2000	
150	Boris	1900	
151	Zohrab	1900	
152	Misak	1900	
153	Zenik	1900	
154	Gnel	1800	
155	Mihran	1800	
156	Sasha	1800	
157	Mesrop	1800	
158	Vagharshak	1800	
159	Khoren	1800	
160	Martik	1800	
161	Movses	1800	
162	Romik	1800	
163	Murad	1700	
164	Valerik	1700	
165	Derenik	1700	
166	Tatul	1700	
167	Aghvan	1700	
168	Serzik	1700	
169	Davo	1700	
170	Aren	1700	
171	Pargev	1600	
172	Zorik	1600	
173	Yura	1600	
174	Nerses	1600	
175	Lernik	1600	
176	Jivan	1600	
177	Nare	1600	
178	Feliks	1600	
179	Grigori	1500	
180	Emil	1500	
181	Samson	1500	
182	Abraham	1500	
183	Arus	1500	
184	Arcrun	1500	
185	Kolya	1500	
186	Araik	1500	
187	Kajik	1500	
188	Viktor	1500	
189	Gevor	1500	
190	Tiko	1400	
191	Aharon	1400	
192	Martun	1400	
193	Radik	1400	
194	Nairi	1400	
195	Pavel	1300	
196	Galust	1300	
197	Martiros	1300	
198	Maksim	1300	
199	Arshavir	1300	
200	Asatur	1300	
201	Paruyr	1300	
202	Avag	1300	
203	Shavarsh	1200	
204	Melik	1200	
205	Manik	1200	
206	Gev	1200	
207	Argam	1200	
208	Yerjanik	1200	
209	Artash	1200	
210	Saribek	1200	
211	Andrey	1200	
212	Yeghishe	1200	
213	Manush	1200	
214	Ando	1200	
215	Styopa	1100	
216	Poghos	1100	
217	Liparit	1100	
218	Nshan	1100	
219	Vahag	1100	
220	Minas	1100	
221	Areg	1100	
222	Ivan	1100	
223	Sergo	1100	
224	Colak	1100	
225	Sanasar	1100	
226	Atom	1000	
227	Rafael	1000	
228	Hayrapet	1000	
229	Telman	1000	
230	Hunan	1000	
231	Vache	1000	
232	Vladik	988	
233	Rafo	985	
234	Vanush	978	
235	Daniel	971	
236	Benik	968	
237	Masis	961	
238	Hayko	957	
239	Bela	942	
240	Lyudvig	935	
241	Saqo	925	
242	Levik	922	
243	Vruyr	919	
244	Mekhak	917	
245	Mikhail	915	
246	Ruslan	911	
247	Husik	909	
248	Sevada	898	
249	Elya	888	
250	Vard	888	
251	Edo	856	
252	Marus	848	
253	Gerasim	845	
254	Garush	837	
255	Emin	822	
256	Ira	807	
257	Igor	799	
258	Saro	788	
259	Tadevos	788	
260	Senik	784	
261	Patvakan	778	
262	Hamazasp	776	
263	Yerem	770	
264	Melsik	753	
265	Paylak	747	
266	Alen	743	
267	Roland	738	
268	Virab	731	
269	Yan	731	
270	Nubar	712	
271	Valodya	709	
272	Gago	703	
273	Myasnik	700	
274	Anton	687	
275	Shirak	687	
276	Arthur	685	
277	Aro	675	
278	Aleksey	670	
279	Vasil	660	
280	Arakel	649	
281	Torgom	636	
282	Edmon	633	
283	Ernest	630	
284	Janik	629	
285	Rudolf	629	
286	Gabriel	621	
287	Aziz	618	
288	Baghdasar	615	
289	Samo	613	
290	Noro	603	
291	Ghazar	600	
292	Matevos	599	
293	Sedik	599	
294	Mikhayil	596	
295	Zorzik	593	
296	Argishti	589	
297	Mikael	584	
298	Frunzik	582	
299	Hamo	582	
300	Vova	580	