1	Stojan	16300	
2	Nikola	15300	
3	Aleksandar	13900	
4	Jovan	12900	
5	Ilija	12200	
6	Risto	12200	
7	Zoran	12100	
8	Ljupčo	12000	
9	Gjorgji	11100	
10	Boris	10900	
11	Blagoja	9800	
12	Ljube	9600	
13	Mustafa	8600	
14	Dragan	8300	
15	Petre	8100	
16	Milan	8000	
17	Dimitar	7800	
18	Jordan	7800	
19	Mile	7700	
20	Trajan	7600	
21	Todor	7300	
22	Petar	7300	
23	Živko	7100	
24	Kiro	6900	
25	Vasil	6800	
26	Trajko	6700	
27	Stoilko	6300	
28	Adem	6200	
29	Atanas	6200	
30	Trajče	6000	
31	Branko	5900	
32	Goce	5900	
33	Vančo	5800	
34	Goran	5800	
35	Aco	5600	
36	Vlado	5400	
37	Dušan	5400	
38	Dragi	5300	
39	Vladimir	5000	
40	Dimitrija	4700	
41	Daut	4600	
42	Tome	4600	
43	Blagoj	4500	
44	Ivan	4400	
45	Pavle	4200	
46	Drage	4200	
47	Abdula	4200	
48	Lazar	4100	
49	Toni	4000	
50	Slavko	3900	
51	Stojanov	3900	
52	Panče	3900	
53	Krste	3700	
54	Ljubomir	3600	
55	Rade	3500	
56	Slobodan	3500	
57	Kiril	3400	
58	Vase	3400	
59	Borče	3400	
60	Ramadan	3300	
61	Blaže	3200	
62	Kostadin	3200	
63	Igor	3200	
64	Blažo	3100	
65	Cvetko	3100	
66	Dejan	3100	
67	Sande	3100	
68	Kosta	3100	
69	Metodija	3000	
70	Redžep	3000	
71	Cvetan	3000	
72	Jovanov	3000	
73	Asan	2900	
74	Bajram	2900	
75	Stefan	2800	
76	Lazo	2800	
77	Mitre	2800	
78	Mitko	2800	
79	Ristov	2800	
80	Angel	2800	
81	Dimče	2700	
82	Gligor	2700	
83	Šaban	2700	
84	Mladen	2700	
85	Spase	2600	
86	Sašo	2600	
87	Božin	2600	
88	Petko	2600	
89	Krsto	2500	
90	Ibraim	2400	
91	Stevan	2400	
92	Ali	2400	
93	Kole	2400	
94	Stojko	2400	
95	Marjan	2400	
96	Zlatko	2400	
97	Marko	2300	
98	Gjorgje	2300	
99	Stojče	2300	
100	Boško	2300	
101	Saško	2300	
102	Ismail	2200	
103	Orce	2200	
104	Mirko	2200	
105	Duško	2100	
106	Simeon	2100	
107	Stojanče	2100	
108	Mito	2000	
109	Mirče	2000	
110	Petrov	2000	
111	Spaso	2000	
112	Danče	2000	
113	Vlade	1900	
114	Dimko	1900	
115	Metodi	1900	
116	Andon	1900	
117	Abedin	1800	
118	Osman	1800	
119	Koce	1800	
120	Vangel	1800	
121	Amet	1700	
122	Džemail	1700	
123	Ćani	1700	
124	Eftim	1700	
125	Petruš	1700	
126	Bogdan	1700	
127	Sulejman	1700	
128	Jusuf	1700	
129	Arif	1600	
130	Ruse	1600	
131	Ilmi	1600	
132	Filip	1600	
133	Spiro	1600	
134	Idriz	1600	
135	Boban	1500	
136	Milorad	1500	
137	Slavčo	1500	
138	Todorov	1500	
139	Zdravko	1500	
140	Vele	1500	
141	Mihajlo	1500	
142	Ivica	1500	
143	Velko	1500	
144	Jovica	1500	
145	Peco	1500	
146	Vlatko	1500	
147	Naum	1500	
148	Momčilo	1400	
149	Laste	1400	
150	Jonče	1400	
151	Imer	1400	
152	Šukri	1400	
153	Pande	1400	
154	Vasko	1300	
155	Darko	1300	
156	Josif	1300	
157	Emin	1300	
158	Dimo	1300	
159	Trajčo	1300	
160	Tair	1300	
161	Bogoja	1300	
162	Kire	1200	
163	Selim	1200	
164	Oliver	1200	
165	Sami	1200	
166	Riza	1200	
167	Muarem	1200	
168	Nazmi	1200	
169	Alil	1200	
170	Vane	1200	
171	Ratko	1200	
172	Ismet	1200	
173	Nove	1100	
174	Boge	1100	
175	Dončo	1100	
176	Salija	1100	
177	Tihomir	1100	
178	Demir	1100	
179	Elmaz	1100	
180	Enver	1100	
181	Božidar	1100	
182	Cane	1100	
183	Veselin	1100	
184	Jakim	1100	
185	Abaz	1100	
186	Ćamil	1100	
187	Ramiz	1100	
188	Servet	1100	
189	Stojmir	1100	
190	Aleksa	1100	
191	Ćiro	1100	
192	Jakup	1000	
193	Ćemal	1000	
194	Šerif	1000	
195	Aćif	1000	
196	Lazarov	1000	
197	Ljuben	1000	
198	Pano	1000	
199	Isni	1000	
200	Stojčo	1000	
201	Krume	997	
202	Sabri	992	
203	Raim	984	
204	Čedomir	978	
205	Miloš	976	
206	Musli	976	
207	Dane	965	
208	Rasim	962	
209	Isen	958	
210	Voislav	953	
211	Mihail	946	
212	Janko	944	
213	Memet	932	
214	Borisov	930	
215	Jovanče	924	
216	Abdulah	921	
217	Alija	919	
218	Asani	919	
219	Strahil	919	
220	Ljubiša	917	
221	Mome	905	
222	Čedo	902	
223	Klime	896	
224	Isa	879	
225	Azem	875	
226	Šain	871	
227	Nebi	867	
228	Ćazim	867	
229	Vebi	865	
230	Ivanov	859	
231	Stoimen	850	
232	Faik	847	
233	Nase	840	
234	Šefki	839	
235	Todos	826	
236	Musa	825	
237	Safet	824	
238	Nevzat	813	
239	Viktor	811	
240	Remzi	807	
241	Izair	789	
242	Stanojko	786	
243	Šabani	782	
244	Ordan	781	
245	Hristo	777	
246	Dževat	773	
247	Bedri	768	
248	Angjele	767	
249	Tefik	766	
250	Trpe	766	
251	Nikolče	763	
252	Ejup	758	
253	Gerasim	758	
254	Nuhi	755	
255	Bećir	750	
256	Petkov	748	
257	Milčo	745	
258	Branislav	739	
259	Svetozar	738	
260	Nazif	734	
261	Ajet	733	
262	Nuredin	732	
263	Aki	726	
264	Nedžat	721	
265	Abduraman	721	
266	Temelko	718	
267	Ruždi	714	
268	Zekir	713	
269	Toše	707	
270	Gani	704	
271	Izet	702	
272	Naser	702	
273	Fadil	701	
274	Murat	701	
275	Zećir	701	
276	Dobrica	700	
277	Refik	686	
278	Sotir	686	
279	Žarko	683	
280	Tripun	680	
281	Simo	677	
282	Dimitri	675	
283	Bobi	670	
284	Feim	666	
285	Gajur	664	
286	Bojan	652	
287	Stoje	649	
288	Dželadin	648	
289	Gorgi	640	
290	Milovan	640	
291	Miftar	636	
292	Medžit	634	
293	Rufat	633	
294	Angjelko	621	
295	Stevo	620	
296	Dragutin	617	
297	Elez	612	
298	Isman	612	
299	Rustem	609	
300	Džafer	608	