1	Popović	10000	
2	Marković	5700	
3	Ivanović	5500	
4	Radulović	5200	
5	Vukčević	5100	
6	Radović	4800	
7	Jovanović	4700	
8	Vuković	4400	
9	Knežević	4300	
10	Kovačević	4200	
11	Vujović	3900	
12	Božović	3800	
13	Pejović	3700	
14	Djurović	3600	
15	Raičević	3600	
16	Nikolić	3600	
17	Perović	3500	
18	Bulatović	3400	
19	Bošković	3200	
20	Maraš	2900	
21	Radonjić	2800	
22	Janković	2800	
23	Kalač	2800	
24	Petrović	2600	
25	Nikčević	2500	
26	Mugoša	2400	
27	Milošević	2300	
28	Martinović	2200	
29	Ćetković	2200	
30	Pavićević	2200	
31	Radunović	2100	
32	Milić	2100	
33	Šćekić	2100	
34	Šćepanović	2000	
35	Mitrović	2000	
36	Boljević	2000	
37	Krivokapić	2000	
38	Stojanović	2000	
39	Vujačić	1900	
40	Klikovac	1900	
41	Živković	1900	
42	Todorović	1900	
43	Vučinić	1800	
44	Vujošević	1800	
45	Rašović	1800	
46	Murić	1700	
47	Djukanović	1700	
48	Jovović	1600	
49	Karadžić	1600	
50	Stanišić	1600	
51	Vuksanović	1600	
52	Bojović	1600	
53	Damjanović	1600	
54	Rakočević	1600	
55	Kaludjerović	1500	
56	Novaković	1500	
57	Drašković	1500	
58	Miranović	1500	
59	Radević	1500	
60	Vukićević	1500	
61	Agović	1500	
62	Milović	1400	
63	Zečević	1400	
64	Lazarević	1400	
65	Djurišić	1400	
66	Vukotić	1400	
67	Adrović	1300	
68	Mijović	1300	
69	Rajković	1300	
70	Filipović	1300	
71	Obradović	1300	
72	Lekić	1300	
73	Pavlović	1300	
74	Pajović	1200	
75	Hodžić	1200	
76	Leković	1200	
77	Dacić	1200	
78	Djukić	1200	
79	Korać	1200	
80	Vojinović	1200	
81	Ilić	1200	
82	Bubanja	1200	
83	Milačić	1200	
84	Vlahović	1200	
85	Drobnjak	1100	
86	Tomić	1100	
87	Terzić	1100	
88	Dragović	1100	
89	Stanković	1100	
90	Djuretić	1100	
91	Jokić	1100	
92	Sekulić	1100	
93	Joksimović	1100	
94	Mijušković	1100	
95	Tomašević	1100	
96	Škrijelj	1100	
97	Babović	1100	
98	Samardžić	1100	
99	Pepić	1100	
100	Vučković	1100	