1	Daler	109900	
2	Firdavs	96100	
3	Firuz	92400	
4	Khurshed	82400	
5	Umed	79600	
6	Parviz	68300	
7	Mukhammad	55100	
8	Sukhrob	53900	
9	Aziz	48200	
10	Dilovar	39600	
11	Faridun	37800	
12	Bekhruz	37300	
13	Komron	35600	
14	Bakha	33200	
15	Dzhamshed	32300	
16	Said	31900	
17	Zafar	31800	
18	Rustam	30700	
19	Ali	30200	
20	Alisher	28300	
21	Navruz	26400	
22	Muhammad	26000	
23	Suhrob	25900	
24	Manuchekhr	25400	
25	Bakhodur	25100	
26	Akbar	23400	
27	Amir	23100	
28	Maruf	22600	
29	Bakhtovar	22300	
30	Khusrav	22100	
31	Nekruz	21900	
32	Dilshod	21300	
33	Abdullo	21100	
34	Jamshed	20500	
35	Mirzo	19800	
36	Behruz	19500	
37	Azamat	18700	
38	Ismoil	18500	
39	Davlat	17500	
40	Farrukh	17400	
41	Sharif	16800	
42	Abubakr	16500	
43	Akmal	16300	
44	Azam	15800	
45	Sergey	15700	
46	Sorbon	15300	
47	Sheroz	14900	
48	Rasul	14800	
49	Azim	13600	
50	Bakhtiyor	13500	
51	Khushbakht	12600	
52	Ruslan	12500	
53	Ravshan	12400	
54	Khuseyn	12100	
55	Dzhakhongir	12100	
56	Muzaffar	12000	
57	Ibragim	12000	
58	Safar	12000	
59	Akram	11700	
60	Shukhrat	11600	
61	Siyovush	11500	
62	Usmon	11500	
63	Karim	11300	
64	Farkhod	11300	
65	Timur	11000	
66	Umedjon	10700	
67	Andrey	10600	
68	Bahodur	10500	
69	Aleksandr	10500	
70	Ilkhom	10500	
71	Nazar	10300	
72	Zoir	10300	
73	Sino	10200	
74	Akhmed	10100	
75	Shodmon	10100	
76	Anvar	10100	
77	Manucher	10000	
78	Karomatullo	9500	
79	Kurbon	9400	
80	Manuchehr	9400	
81	Shakhrom	9200	
82	Eradzh	9200	
83	Sulaymon	9000	
84	Sunatullo	9000	
85	Bobojon	9000	
86	Mustafo	9000	
87	Khayrullo	8900	
88	Sasha	8400	
89	Fayzali	8400	
90	Shahboz	8300	
91	Nurullo	8300	
92	Hurshed	8200	
93	Shamil	8100	
94	Umedzhon	8000	
95	Mansur	7900	
96	Shavkat	7900	
97	Inom	7900	
98	Sunat	7800	
99	Oleg	7700	
100	Nasim	7600	
101	Akhliddin	7500	
102	Vladimir	7500	
103	Bakhrom	7400	
104	Kurbonali	7300	
105	Mekhrob	7300	
106	Nurik	7200	
107	Rakhmatullo	7200	
108	Lutfullo	7200	
109	Eraj	7100	