1	Dragan	6200	
2	Milan	5400	
3	Zoran	5200	
4	Nikola	4900	
5	Milorad	4800	
6	Slobodan	4700	
7	Branko	4100	
8	Petar	4000	
9	Miodrag	3900	
10	Veselin	3800	
11	Dušan	3600	
12	Marko	3600	
13	Jovan	3300	
14	Božidar	3100	
15	Miloš	3100	
16	Rajko	3000	
17	Vladimir	2900	
18	Radomir	2900	
19	Željko	2800	
20	Radovan	2700	
21	Mirko	2600	
22	Slavko	2500	
23	Aleksandar	2500	
24	Milovan	2400	
25	Ilija	2400	
26	Goran	2400	
27	Dragoljub	2200	
28	Predrag	2200	
29	Branislav	2200	
30	Vojislav	2200	
31	Savo	2100	
32	Danilo	2100	
33	Žarko	2100	
34	Momčilo	2000	
35	Ranko	2000	
36	Ivan	2000	
37	Ljubomir	2000	
38	Dejan	2000	
39	Djordjije	1900	
40	Milivoje	1800	
41	Milutin	1800	
42	Mihailo	1800	
43	Gojko	1700	
44	Ratko	1700	
45	Veljko	1700	
46	Velimir	1600	
47	Milenko	1500	
48	Saša	1500	
49	Nenad	1500	
50	Luka	1500	
51	Tomislav	1400	
52	Rade	1400	
53	Blažo	1400	
54	Darko	1300	
55	Borislav	1300	
56	Zdravko	1300	
57	Nebojša	1300	
58	Svetozar	1300	
59	Vasilije	1300	
60	Dragomir	1300	
61	Mitar	1200	
62	Novak	1200	
63	Drago	1200	
64	Miroslav	1200	
65	Boško	1200	
66	Božo	1200	
67	Mileta	1200	
68	Miladin	1200	
69	Dragutin	1200	
70	Pavle	1100	
71	Mladen	1100	
72	Djuro	1100	
73	Radoje	1100	
74	Andrija	1100	
75	Radosav	1100	
76	Krsto	1000	
77	Ljubo	1000	
78	Stanko	1000	
79	Radivoje	989	
80	Momir	963	
81	Čedomir	942	
82	Vojin	926	
83	Lazar	920	
84	Miomir	909	
85	Duško	893	
86	Milisav	890	
87	Vlado	889	
88	Vukašin	885	
89	Stevan	882	
90	Budimir	877	
91	Dragiša	870	
92	Igor	855	
93	Milo	848	
94	Vaso	845	
95	Radojica	844	
96	Jovo	837	
97	Vesko	837	
98	Milija	815	
99	Pero	799	
100	Bogdan	771	
101	Novica	753	
102	Milosav	741	
103	Srdjan	741	
104	Ismet	734	
105	Živko	732	
106	Radisav	724	
107	Radoman	722	
108	Boris	721	
109	Safet	707	
110	Sreten	705	
111	Miljan	677	
112	Sava	664	
113	Ljubiša	659	
114	Djordje	650	
115	Milinko	635	
116	Spasoje	631	
117	Radenko	628	
118	Ivo	619	
119	Dragoslav	617	
120	Vuko	611	
121	Dimitrije	606	
122	Niko	602	
123	Milić	587	
124	Radoslav	585	
125	Nedjeljko	579	
126	Blagota	577	
127	Blagoje	567	
128	Janko	566	
129	Jagoš	563	
130	Radoš	562	
131	Ibrahim	560	
132	Stojan	554	
133	Miloje	550	
134	Bajram	549	
135	Obrad	548	
136	Vuk	548	
137	Adem	547	
138	Stevo	532	
139	Esad	531	
140	Mustafa	511	
141	Senad	511	
142	Vladan	510	
143	Jusuf	501	
144	Filip	500	
145	Simo	500	
146	Mile	499	
147	Tomo	498	
148	Alija	493	
149	Špiro	493	
150	Redžep	492	
151	Miraš	483	
152	Mirsad	464	
153	Ramiz	463	
154	Ramo	462	
155	Uroš	454	
156	Hasan	453	
157	Rasim	439	
158	Novo	438	
159	Bojan	435	
160	Ćazim	428	
161	Mujo	427	
162	Mehmed	425	
163	Omer	423	
164	Rifat	422	
165	Zarija	418	
166	Ahmet	416	
167	Radule	413	
168	Risto	411	
169	Izet	409	
170	Rafet	395	
171	Aleksa	391	
172	Svetislav	388	
173	Vidak	385	
174	Djoko	384	
175	Šaban	383	
176	Radonja	379	
177	Vido	368	
178	Boro	366	
179	Halil	364	
180	Osman	363	
181	Đorđije	361	
182	Vukota	353	
183	Sead	353	
184	Vuksan	351	
185	Sulejman	350	
186	Marinko	344	
187	Velizar	344	
188	Dražen	342	
189	Murat	342	
190	Hamdija	335	
191	Petko	335	
192	Siniša	334	
193	Samir	332	
194	Batrić	321	
195	Enver	321	
196	Vukoman	320	
197	Milun	320	
198	Miro	317	
199	Muhamed	317	
200	Iso	315	
201	Husein	313	
202	Ruždija	309	
203	Draško	308	
204	Fadil	306	
205	Tihomir	306	
206	Džemal	300	
207	Bajo	299	
208	Ivica	297	
209	Vujadin	297	
210	Gavrilo	296	
211	Toma	295	
212	Bećir	291	
213	Vladislav	291	
214	Kolja	288	
215	Bogić	283	
216	Neđeljko	281	
217	Cvetko	280	
218	Vlajko	280	
219	Rizo	279	
220	Zef	279	
221	Velibor	278	
222	Kemal	278	
223	Vlatko	277	
224	Edin	276	
225	Todor	274	
226	Sadik	273	
227	Martin	272	
228	Vukman	271	
229	Jovica	267	
230	Stefan	267	
231	Anton	264	
232	Branimir	263	
233	Stane	262	
234	Milomir	261	
235	Vidoje	261	
236	Husnija	260	
237	Hakija	257	
238	Vitomir	256	
239	Elez	255	
240	Vasko	253	
241	Dalibor	248	
242	Dragoje	247	
243	Zlatko	247	
244	Vukosav	245	
245	Nedžad	244	
246	Salih	244	
247	Selim	243	
248	Vojo	242	
249	Ćamil	242	
250	Anto	240	
251	Čedo	239	
252	Milanko	236	
253	Ratomir	236	
254	Slavoljub	230	
255	Labud	228	
256	Milojica	221	
257	Vučić	221	
258	Milonja	220	
259	Tomaš	220	
260	Dragić	215	
261	Tahir	215	
262	Golub	213	
263	Hajrudin	212	
264	Muharem	210	
265	Suljo	209	
266	Ramadan	209	
267	Borivoje	206	
268	Damir	206	
269	Džeko	206	
270	Šefkija	206	
271	Sait	205	
272	Rešad	204	
273	Idriz	203	
274	Josip	203	
275	Vukić	203	
276	Radoica	202	
277	Vučeta	202	
278	Mato	201	
279	Srđan	200	
280	Bogoljub	200	
281	Vukomir	199	
282	Zaim	199	
283	Hajro	196	
284	Srećko	196	
285	Nedeljko	195	
286	Milko	193	
287	Mijat	193	
288	Grujica	192	
289	Radislav	192	
290	Zvonko	190	
291	Maraš	189	
292	Refik	188	
293	Šerif	187	
294	Nemanja	187	
295	Šućo	186	
296	Kadrija	185	
297	Obren	183	
298	Staniša	180	
299	Komnen	179	
300	Joko	179	