1	Uwimana	128100	
2	Ingabire	116300	
3	Habimana	110700	
4	Jean	98600	
5	Hakizimana	97400	
6	Nsengiyumva	92100	
7	Mugisha	89600	
8	Uwamahoro	88400	
9	Nshimiyimana	87400	
10	Bizimana	84700	
11	Nkurunziza	82200	
12	Rukundo	73500	
13	Mugabo	71300	
14	Kalisa	70100	
15	Uwera	66000	
16	Nsabimana	64500	
17	Muhire	62600	
18	Umutoni	61400	
19	Kwizera	59800	
20	Ndagijimana	56100	
21	Mbabazi	55800	
22	Karangwa	55500	
23	Kayitesi	52400	
24	Munyaneza	52100	
25	Kamanzi	50200	
26	Tuyisenge	49900	
27	Sibomana	49000	
28	Umuhoza	47100	
29	Uwineza	47100	
30	Gasana	46800	
31	Ishimwe	46800	
32	Hategekimana	46500	
33	Uwase	46500	
34	Niyonzima	45600	
35	Mutabazi	44700	
36	Emmanuel	44300	
37	Niyitegeka	44000	
38	Nizeyimana	44000	
39	Tuyishime	44000	
40	Nkusi	42500	
41	Nsengimana	40300	
42	Ndayambaje	39400	
43	Manzi	39100	
44	Augustin	38800	
45	Umutesi	38100	
46	Uwizeye	38100	
47	Ntakirutimana	37800	
48	Twahirwa	37500	
49	Umulisa	36900	
50	Rutayisire	35000	
51	Musabyimana	34400	
52	Mutesi	34400	
53	Niyibizi	34100	
54	Dusabe	33800	
55	Mukeshimana	33800	
56	Kabera	32900	
57	Uwizeyimana	32600	
58	Celestin	32200	
59	Habineza	32200	
60	Niyonsaba	31900	
61	Murekatete	31300	
62	Murenzi	30700	
63	Ndayisaba	30700	
64	Niyigena	30700	
65	Ndayishimiye	30400	
66	Nzeyimana	30400	
67	Shyaka	30400	
68	Butera	29800	
69	Kayiranga	29800	
70	Ngarambe	29100	
71	Habyarimana	28800	
72	Muvunyi	28800	
73	Ngabo	28800	
74	Gatera	28200	
75	Munezero	28200	
76	Uwitonze	28200	
77	Dieudonne	27900	
78	Kubwimana	27900	
79	Byiringiro	27600	
80	Ngabonziza	27300	
81	Gatete	27000	
82	Muhoza	26700	
83	Mugabe	26400	
84	Mushimiyimana	26400	
85	Musoni	26400	
86	Harerimana	26000	
87	Janvier	26000	
88	Bosco	25400	
89	Havugimana	25400	
90	Mahoro	24800	
91	Muhirwa	24500	
92	Twagirayezu	24200	
93	Uwimbabazi	24200	
94	Niyonsenga	23900	
95	Umugwaneza	23900	
96	Hitimana	23600	
97	Mugiraneza	23600	
98	Mutoni	23600	
99	Rurangwa	23300	
100	Uwamariya	23300	