1	Clarke	5400	
2	Alleyne	4100	
3	Griffith	3800	
4	Brathwaite	3700	
5	Forde	3200	
6	Holder	3000	
7	King	2800	
8	Williams	2700	
9	Jones	2600	
10	Jordan	2400	
11	Boyce	2400	
12	Best	2200	
13	Marshall	2200	
14	Smith	2200	
15	Small	2200	
16	Haynes	2100	
17	Hinds	2100	
18	Phillips	2000	
19	Browne	2000	
20	Sealy	2000	
21	Mayers	1900	
22	Gittens	1800	
23	Cumberbatch	1800	
24	Moore	1700	
25	Springer	1700	
26	Harewood	1600	
27	Blackman	1600	
28	Greenidge	1600	
29	Worrell	1500	
30	Hunte	1500	
31	Lewis	1500	
32	Greaves	1500	
33	Parris	1500	
34	Ward	1400	
35	Carter	1400	
36	Taylor	1400	
37	Weekes	1400	
38	Edwards	1400	
39	Layne	1400	
40	Payne	1400	
41	Johnson	1400	
42	Yearwood	1400	
43	Harris	1400	
44	Walcott	1300	
45	Callender	1300	
46	Maynard	1300	
47	Thompson	1300	
48	Trotman	1300	
49	Nurse	1300	
50	Gill	1300	
51	Watson	1200	
52	Gibson	1200	
53	Knight	1200	
54	Corbin	1200	
55	Skeete	1100	
56	Thomas	1100	
57	Beckles	1100	
58	Lashley	1100	
59	Morris	1100	
60	Belgrave	1000	
61	Husbands	1000	
62	Barrow	1000	
63	Cox	985	
64	White	968	
65	Daniel	965	
66	Bowen	962	
67	Carrington	959	
68	Bourne	932	
69	Inniss	932	
70	Lynch	930	
71	Reid	927	
72	Sobers	924	
73	Roach	922	
74	Ifill	917	
75	Hoyte	916	
76	Leacock	902	
77	Cadogan	901	
78	Chase	896	
79	Austin	861	
80	Yarde	856	
81	Waithe	828	
82	Archer	827	
83	Grant	821	
84	Prescod	795	
85	Miller	788	
86	Bynoe	787	
87	Headley	786	
88	Hall	781	
89	Greene	779	
90	Rock	776	
91	Davis	770	
92	Brewster	752	
93	Burke	752	
94	Gooding	752	
95	Howell	742	
96	Nicholls	742	
97	Foster	730	
98	Pilgrim	730	
99	Chandler	727	
100	Bryan	726	